"id","scrapedAtUtc","source","name","category","rating","reviewCount","priceLevel","status","address","city","region","postalCode","country","phone","website","latitude","longitude","placeUrl","photoCount","photoUrls","localPhotos","error"
"1","2026-04-27T04:13:11.587Z","google_maps_ui","Osteria Elio Volpe","Restaurant","4.5","0","","Open · Closes 10:30 p.m.","540 W 17th Ave, Vancouver, BC V5Z 1T4","","","","","(236) 471-9564","https://www.eliovolpe.com/","0","0","https://www.google.com/maps/place/Osteria+Elio+Volpe/data=!4m7!3m6!1s0x5486735ca45d90d7:0x56306e884e11ed33!8m2!3d49.255852!4d-123.1157579!16s%2Fg%2F11vbqyxx_4!19sChIJ15BdpFxzhlQRM-0RTohuMFY","0","","",""
"2","2026-04-27T04:13:21.541Z","google_maps_ui","Mazahr Lebanese Kitchen","Restaurant","4.8","0","","Closed · Opens 11:30 a.m. Tue","1488 W 11th Ave, Vancouver, BC V6H 1L1","","","","","(604) 733-2211","http://www.mazahr.ca/","0","0","https://www.google.com/maps/place/Mazahr+Lebanese+Kitchen/data=!4m7!3m6!1s0x5486731ca84906bf:0x33e753b8693cebf9!8m2!3d49.2615983!4d-123.1382076!16s%2Fg%2F11j_vglrpb!19sChIJvwZJqBxzhlQR-es8abhT5zM","2","https://maps.gstatic.com/tactile/basepage/loader_beige_2x.gif | https://lh3.googleusercontent.com/gps-cs-s/APNQkAFbFkJQGo1wklkLTom-idoGJtp_Yuu-W3D_JXNZqXJrYyow8v-MtW1ymqW55MJXSFANINnFYhJGkZEE746LrctGswcLYiseGT1I3Pwmxwr9gyyHscsDp1eQ-1Kqkr3IOrCGsDqGGg=w638-h298-k-no","output/photos/00002-mazahr-lebanese-kitchen/001.jpg | output/photos/00002-mazahr-lebanese-kitchen/002.jpg",""
"3","2026-04-27T04:13:31.545Z","google_maps_ui","Fiore Famiglia","Italian restaurant","4.5","0","","","2603 W 16th Ave, Vancouver, BC V6K 3C2","","","","","(604) 558-2603","http://fiorerestaurants.ca/","0","0","https://www.google.com/maps/place/Fiore+Famiglia/data=!4m7!3m6!1s0x54867385734e2601:0xf96b9dd198cc9608!8m2!3d49.2578279!4d-123.1651315!16s%2Fg%2F11g18_85s2!19sChIJASZOc4VzhlQRCJbMmNGda_k","2","https://maps.gstatic.com/tactile/basepage/loader_beige_2x.gif | https://gstatic.com/local/placeinfo/lgbtq_friendly_ic_24dp.png","output/photos/00003-fiore-famiglia/001.jpg | output/photos/00003-fiore-famiglia/002.png",""
"4","2026-04-27T04:13:40.716Z","google_maps_ui","Don at Kitsilano","Restaurant","4.6","0","","Open · Closes 11 p.m.","2186 W 4th Ave, Vancouver, BC V6K 1N8","","","","","(604) 566-6366","https://www.eatdon.com/","0","0","https://www.google.com/maps/place/Don+at+Kitsilano/data=!4m7!3m6!1s0x5486732e49dfcefb:0xa363c6c2ba8fe9be!8m2!3d49.2680248!4d-123.1545255!16s%2Fg%2F11pzl7jlb5!19sChIJ-87fSS5zhlQRvumPusLGY6M","1","https://maps.gstatic.com/tactile/basepage/loader_beige_2x.gif","output/photos/00004-don-at-kitsilano/001.jpg",""
"5","2026-04-27T04:13:50.902Z","google_maps_ui","iDen & Quanjude Beijing Duck House","Chinese restaurant","4.7","0","","","2808 Cambie St., Vancouver, BC V5Z 2V5","","","","","(236) 477-7777","http://www.quanjude1864.com/","0","0","https://www.google.com/maps/place/iDen+%26+Quanjude+Beijing+Duck+House/data=!4m7!3m6!1s0x548673513eaddda1:0xe3dfd1dda3e82009!8m2!3d49.2601245!4d-123.1147588!16s%2Fg%2F11j3rrt94_!19sChIJod2tPlFzhlQRCSDoo93R3-M","3","https://maps.gstatic.com/tactile/basepage/loader_beige_2x.gif | https://gstatic.com/local/placeinfo/lgbtq_friendly_ic_24dp.png | https://gstatic.com/local/placeinfo/women_led_updated_ic_24dp.png","output/photos/00005-iden-quanjude-beijing-duck-house/001.jpg | output/photos/00005-iden-quanjude-beijing-duck-house/002.png | output/photos/00005-iden-quanjude-beijing-duck-house/003.png",""
"6","2026-04-27T04:13:59.984Z","google_maps_ui","East Is East","Mediterranean restaurant","4.8","0","","Closes soon · 10 p.m. · Opens 11:30 a.m. Mon","3035 W Broadway, Vancouver, BC V6K 2G9","","","","","(604) 734-5881","http://www.eastiseast.ca/","0","0","https://www.google.com/maps/place/East+Is+East/data=!4m7!3m6!1s0x548673aad83fae0f:0x4a9d67cc063f8767!8m2!3d49.2643582!4d-123.1727086!16s%2Fg%2F1tf_skl9!19sChIJD64_2KpzhlQRZ4c_BsxnnUo","1","https://maps.gstatic.com/tactile/basepage/loader_beige_2x.gif","output/photos/00006-east-is-east/001.jpg",""
"7","2026-04-27T04:14:09.217Z","google_maps_ui","Pho Viet Lotus Restaurant","Vietnamese restaurant","4.8","0","","Closes soon · 10 p.m. · Opens 11 a.m. Mon","2680 W Broadway, Vancouver, BC V6K 2G3","","","","","(604) 558-3999","https://phovietlotus.ca/","0","0","https://www.google.com/maps/place/Pho+Viet+Lotus+Restaurant/data=!4m7!3m6!1s0x54867366200b9a8f:0xb43738c0349e8934!8m2!3d49.2638727!4d-123.1658085!16s%2Fg%2F11ygqw08b0!19sChIJj5oLIGZzhlQRNImeNMA4N7Q","1","https://maps.gstatic.com/tactile/basepage/loader_beige_2x.gif","output/photos/00007-pho-viet-lotus-restaurant/001.jpg",""
"8","2026-04-27T04:14:18.454Z","google_maps_ui","LE COQ FRIT (VANCOUVER)","Chicken restaurant","4.7","0","","","1888 W Broadway, Vancouver, BC V6J 1Y9","","","","","(604) 568-8776","http://lecoqfrit.ca/","0","0","https://www.google.com/maps/place/LE+COQ+FRIT+%28VANCOUVER%29/data=!4m7!3m6!1s0x54867331874e7e09:0x9745cd9466a1cf98!8m2!3d49.2635643!4d-123.1477581!16s%2Fg%2F11nxcb4btr!19sChIJCX5OhzFzhlQRmM-hZpTNRZc","1","https://maps.gstatic.com/tactile/basepage/loader_beige_2x.gif","output/photos/00008-le-coq-frit-vancouver/001.jpg",""
"9","2026-04-27T04:14:27.865Z","google_maps_ui","Sip Song Thai Cuisine","Restaurant","4.8","0","","Closed · Opens 5 p.m. Tue","3626 W 16th Ave, Vancouver, BC V6R 3C4","","","","","(778) 302-9898","https://www.sipsongthai.com/","0","0","https://www.google.com/maps/place/Sip+Song+Thai+Cuisine/data=!4m7!3m6!1s0x548673003c21fa25:0x87c6be042c3aa63f!8m2!3d49.2576665!4d-123.1857551!16s%2Fg%2F11vr0gy5gm!19sChIJJfohPABzhlQRP6Y6LAS-xoc","1","https://maps.gstatic.com/tactile/basepage/loader_beige_2x.gif","output/photos/00009-sip-song-thai-cuisine/001.jpg",""
"10","2026-04-27T04:14:37.958Z","google_maps_ui","Ocean Goose Japanese Restaurant","Restaurant","4.7","0","","","1850 W 4th Ave, Vancouver, BC V6J 1M3","","","","","(604) 229-3673","https://oceangoose.ca/","0","0","https://www.google.com/maps/place/Ocean+Goose+Japanese+Restaurant/data=!4m7!3m6!1s0x548673ab5f1f4707:0x3f2815a3076c5dea!8m2!3d49.2678378!4d-123.1466983!16s%2Fg%2F11y5h_ccrp!19sChIJB0cfX6tzhlQR6l1sB6MVKD8","2","https://maps.gstatic.com/tactile/basepage/loader_beige_2x.gif | https://gstatic.com/local/placeinfo/lgbtq_friendly_ic_24dp.png","output/photos/00010-ocean-goose-japanese-restaurant/001.jpg | output/photos/00010-ocean-goose-japanese-restaurant/002.png",""
"11","2026-04-27T04:14:47.196Z","google_maps_ui","Osaka Teppanyaki","Teppanyaki restaurant","4.5","0","","Closes soon · 9:30 p.m. · Opens 5 p.m. Mon","1788 W Broadway #103, Vancouver, BC V6J 1Y1","","","","","(604) 733-8258","http://www.osakavancouver.com/","0","0","https://www.google.com/maps/place/Osaka+Teppanyaki/data=!4m7!3m6!1s0x548673b82ca9eef9:0x8cf0c662ce16019!8m2!3d49.2634652!4d-123.1452407!16s%2Fg%2F1thgb487!19sChIJ-e6pLLhzhlQRGWDhLGYMzwg","1","https://maps.gstatic.com/tactile/basepage/loader_beige_2x.gif","output/photos/00011-osaka-teppanyaki/001.jpg",""
"12","2026-04-27T04:14:58.360Z","google_maps_ui","Salmon n' Bannock","Canadian restaurant","4.7","0","","","1128 W Broadway #7, Vancouver, BC V6H 1G5","","","","","(604) 568-8971","http://salmonandbannock.net/","0","0","https://www.google.com/maps/place/Salmon+n%27+Bannock/data=!4m7!3m6!1s0x548673c6ab40a5bb:0xf067dd0c8d9185d3!8m2!3d49.263303!4d-123.1297697!16s%2Fg%2F1vg4jh69!19sChIJu6VAq8ZzhlQR04WRjQzdZ_A","3","https://gstatic.com/local/placeinfo/lgbtq_friendly_ic_24dp.png | https://gstatic.com/local/placeinfo/women_led_updated_ic_24dp.png | https://lh3.googleusercontent.com/gps-cs-s/APNQkAGAv1UQwSo0r4vkelnec081nt7_XpjdFn6tD45Vqxik0y9Nt8IT0DHilc_7jcZ1mV5B6CkhTrWKe-9xoGt7qa_EqbjyLm2NZCuWdMZTUDh5FgFxNQLhuBDhvnMyi9j09p0qiUD4dQ=w613-h298-k-no","output/photos/00012-salmon-n-bannock/001.png | output/photos/00012-salmon-n-bannock/002.png | output/photos/00012-salmon-n-bannock/003.jpg",""
"13","2026-04-27T04:15:07.452Z","google_maps_ui","Ash Street Bistro","Restaurant","4.7","0","","","611 W 41st Ave, Vancouver, BC V5Z 0C7","","","","","(778) 945-3431","http://www.ashstreetbistro.com/","0","0","https://www.google.com/maps/place/Ash+Street+Bistro/data=!4m7!3m6!1s0x5486759b8d3ef9b1:0xcbba85a6e5e89d6d!8m2!3d49.2338725!4d-123.1187631!16s%2Fg%2F11vbr7z7pl!19sChIJsfk-jZt1hlQRbZ3o5aaFuss","1","https://maps.gstatic.com/tactile/basepage/loader_beige_2x.gif","output/photos/00013-ash-street-bistro/001.jpg",""
"14","2026-04-27T04:15:17.575Z","google_maps_ui","Fable Kitchen","Restaurant","4.4","0","","","1944 W 4th Ave, Vancouver, BC V6J 1M5","","","","","(604) 732-1322","https://fablekitchen.ca/","0","0","https://www.google.com/maps/place/Fable+Kitchen/data=!4m7!3m6!1s0x548673b673997335:0x67efb96b0b3765cb!8m2!3d49.2679331!4d-123.1490012!16s%2Fg%2F119w7jtc4!19sChIJNXOZc7ZzhlQRy2U3C2u572c","1","https://gstatic.com/local/placeinfo/lgbtq_friendly_ic_24dp.png","output/photos/00014-fable-kitchen/001.png",""
"15","2026-04-27T04:15:26.991Z","google_maps_ui","Minerva’s Restaurant","Greek restaurant","4.4","0","","","2411 W 41st Ave, Vancouver, BC V6M 4B8","","","","","(604) 263-1774","http://www.minervas.ca/","0","0","https://www.google.com/maps/place/Minerva%E2%80%99s+Restaurant/data=!4m7!3m6!1s0x5486737ab6492159:0xf58053c250d3147e!8m2!3d49.2347718!4d-123.1616037!16s%2Fg%2F1td7swrh!19sChIJWSFJtnpzhlQRfhTTUMJTgPU","1","https://maps.gstatic.com/tactile/basepage/loader_beige_2x.gif","output/photos/00015-minerva-s-restaurant/001.jpg",""
"16","2026-04-27T04:15:38.199Z","google_maps_ui","Unchai Restaurant","Thai restaurant","4.6","0","","Closed · Opens 3:45 p.m. Mon","2351 Burrard St, Vancouver, BC V6J 3J2","","","","","(604) 559-6484","http://www.unchai.ca/","0","0","https://www.google.com/maps/place/Unchai+Restaurant/data=!4m7!3m6!1s0x5486731de0dfc71b:0x60958ea8aec5b742!8m2!3d49.2650163!4d-123.1459855!16s%2Fg%2F11h3dghjnm!19sChIJG8ff4B1zhlQRQrfFrqiOlWA","3","https://gstatic.com/local/placeinfo/lgbtq_friendly_ic_24dp.png | https://gstatic.com/local/placeinfo/women_led_updated_ic_24dp.png | https://lh3.googleusercontent.com/gps-cs-s/APNQkAHD0lnhsJxmniOQsnh9smCwlpLGjJ9EZeT57t7JwFnvehSVuWsPrPfH8gR497KVB19Vdm9qLpOZIwDbwIFhJoZzkWVYYcaACJ5c5A_qrhdYi6Ylwjy9jQ6pR_jXTJqL8iIdVm1xZdF-GatL=w645-h298-k-no","output/photos/00016-unchai-restaurant/001.png | output/photos/00016-unchai-restaurant/002.png | output/photos/00016-unchai-restaurant/003.jpg",""
"17","2026-04-27T04:15:48.176Z","google_maps_ui","Lavidas Restaurant","Restaurant","4.6","0","","","1961 W 4th Ave, Vancouver, BC V6J 1M7","","","","","(604) 732-0004","http://lavidasrestaurant.ca/","0","0","https://www.google.com/maps/place/Lavidas+Restaurant/data=!4m7!3m6!1s0x548673b674251bcd:0xe32d9214552852e1!8m2!3d49.2682662!4d-123.1494147!16s%2Fm%2F04_5ltf!19sChIJzRsldLZzhlQR4VIoVRSSLeM","1","https://gstatic.com/local/placeinfo/lgbtq_friendly_ic_24dp.png","output/photos/00017-lavidas-restaurant/001.png",""
"18","2026-04-27T04:15:57.913Z","google_maps_ui","The Naam","Vegetarian restaurant","4.3","0","","","2724 W 4th Ave, Vancouver, BC V6K 1R1","","","","","(604) 738-7151","http://www.thenaam.com/","0","0","https://www.google.com/maps/place/The+Naam/data=!4m7!3m6!1s0x5486739159840be9:0x57f3a29d94a7ac53!8m2!3d49.2681884!4d-123.1670365!16s%2Fm%2F04yjsbg!19sChIJ6QuEWZFzhlQRU6ynlJ2i81c","2","https://maps.gstatic.com/tactile/basepage/loader_beige_2x.gif | https://gstatic.com/local/placeinfo/lgbtq_friendly_ic_24dp.png","output/photos/00018-the-naam/001.jpg | output/photos/00018-the-naam/002.png",""
"19","2026-04-27T04:16:08.203Z","google_maps_ui","Johnny’s on Oak","Greek restaurant","4.5","0","","","3838 Oak St, Vancouver, BC V6H 2M5","","","","","(604) 732-3777","https://johnnysonoak.ca/","0","0","https://www.google.com/maps/place/Johnny%E2%80%99s+on+Oak/data=!4m7!3m6!1s0x548677adf2676f63:0x220bf6c3d4920bfc!8m2!3d49.25141!4d-123.127289!16s%2Fg%2F1v8y3qs5!19sChIJY29n8q13hlQR_AuS1MP2CyI","2","https://maps.gstatic.com/tactile/basepage/loader_beige_2x.gif | https://gstatic.com/local/placeinfo/lgbtq_friendly_ic_24dp.png","output/photos/00019-johnny-s-on-oak/001.jpg | output/photos/00019-johnny-s-on-oak/002.png",""
"20","2026-04-27T04:16:17.396Z","google_maps_ui","Riviera Cafe & Restaurant","Restaurant","4.7","0","","Closed · Opens 10 a.m. Tue","617 Stamps Landing, Vancouver, BC V5Z 3Z1","","","","","(604) 707-9454","","0","0","https://www.google.com/maps/place/Riviera+Cafe+%26+Restaurant/data=!4m7!3m6!1s0x54867313b4df9f57:0xeba8a797c0b6968c!8m2!3d49.2684969!4d-123.1187228!16s%2Fg%2F11wqvl5rvx!19sChIJV5_ftBNzhlQRjJa2wJenqOs","1","https://maps.gstatic.com/tactile/basepage/loader_beige_2x.gif","output/photos/00020-riviera-cafe-restaurant/001.jpg",""
"21","2026-04-27T04:16:25.616Z","google_maps_ui","Kim Son Vietnamese Food","Restaurant","4.7","0","","Closed · Opens 10:30 a.m. Mon","555 W 12th Ave #030, Vancouver, BC V5Z 3X7","","","","","(604) 879-8986","","0","0","https://www.google.com/maps/place/Kim+Son+Vietnamese+Food/data=!4m7!3m6!1s0x548673e7e2013ba3:0xaea4c95f3f579336!8m2!3d49.2607444!4d-123.1164572!16s%2Fg%2F11gb3_64nj!19sChIJozsB4udzhlQRNpNXP1_JpK4","0","","",""
"22","2026-04-27T04:16:34.843Z","google_maps_ui","The Stable House Bistro","Bistro","4.3","0","","","1520 W 13th Ave, Vancouver, BC V6J 2G4","","","","","(604) 736-1520","http://thestablehouse.ca/","0","0","https://www.google.com/maps/place/The+Stable+House+Bistro/data=!4m7!3m6!1s0x548673bf2e0fc42d:0xc22ac8ea692165a6!8m2!3d49.2597468!4d-123.1392628!16s%2Fg%2F1pyqm2412!19sChIJLcQPLr9zhlQRpmUhaerIKsI","1","https://maps.gstatic.com/tactile/basepage/loader_beige_2x.gif","output/photos/00022-the-stable-house-bistro/001.jpg",""
"23","2026-04-27T04:16:43.033Z","google_maps_ui","Shaughnessy Restaurant","Restaurant","4","0","","Closed · Opens 11:30 a.m. Mon","5251 Oak St, Vancouver, BC V6M 1A2","","","","","(604) 261-0011","http://www.shaughnessyrestaurant.com/","0","0","https://www.google.com/maps/place/Shaughnessy+Restaurant/data=!4m7!3m6!1s0x5486738631cc6453:0x2102c5d8c47b59e0!8m2!3d49.2386995!4d-123.1296129!16s%2Fm%2F04_6qd1!19sChIJU2TMMYZzhlQR4Fl7xNjFAiE","0","","",""
"24","2026-04-27T04:16:52.223Z","google_maps_ui","The Wolf and Hound","Irish pub","4.2","0","","Closes soon · 10 p.m. · Opens 3 p.m. Mon","3617 W Broadway, Vancouver, BC V6R 2B8","","","","","(604) 738-8909","http://www.wolfandhound.ca/","0","0","https://www.google.com/maps/place/The+Wolf+and+Hound/data=!4m7!3m6!1s0x548672ff95fbd70d:0x265b7f3edffaf728!8m2!3d49.2644878!4d-123.1842158!16s%2Fg%2F1w111wrt!19sChIJDdf7lf9yhlQRKPf63z5_WyY","1","https://maps.gstatic.com/tactile/basepage/loader_beige_2x.gif","output/photos/00024-the-wolf-and-hound/001.jpg",""
"25","2026-04-27T04:17:00.704Z","google_maps_ui","Saba Foods Middle Eastern Yemeni Restaurant","Halal restaurant","4.8","0","","Closes soon · 10 p.m. · Opens 12 p.m. Mon","2881 Granville St, Vancouver, BC V6H 3J4","","","","","(604) 358-0566","http://www.sabafoods.ca/","0","0","https://www.google.com/maps/place/Saba+Foods+Middle+Eastern+Yemeni+Restaurant/data=!4m7!3m6!1s0x5485db973ef280ff:0x9867a956228562bf!8m2!3d49.2600643!4d-123.1390416!16s%2Fg%2F11h0bz9sfn!19sChIJ_4DyPpfbhVQRv2KFIlapZ5g","0","","",""
"26","2026-04-27T04:17:10.627Z","google_maps_ui","Cactus Club Cafe","Restaurant","4.3","0","","","575 W Broadway, Vancouver, BC V5Z 1E6","","","","","(778) 909-9964","https://www.cactusclubcafe.com/locations/broadway-ash/","0","0","https://www.google.com/maps/place/Cactus+Club+Cafe/data=!4m7!3m6!1s0x548673dd16423f87:0x20f4af12818e94a4!8m2!3d49.2634083!4d-123.1172433!16s%2Fg%2F1thtp8pd!19sChIJhz9CFt1zhlQRpJSOgRKv9CA","2","https://maps.gstatic.com/tactile/basepage/loader_beige_2x.gif | https://gstatic.com/local/placeinfo/lgbtq_friendly_ic_24dp.png","output/photos/00026-cactus-club-cafe/001.jpg | output/photos/00026-cactus-club-cafe/002.png",""
"27","2026-04-27T04:17:19.801Z","google_maps_ui","Midam Korean Restaurant- Vancouver","Korean restaurant","4.5","0","","Closes soon · 10 p.m. · Opens 11:30 a.m. Mon","3211 W Broadway, Vancouver, BC V6K 2H5","","","","","(604) 714-0233","https://midamkoreanrestaurant.com/","0","0","https://www.google.com/maps/place/Midam+Korean+Restaurant-+Vancouver/data=!4m7!3m6!1s0x548673ccd80cb9d9:0xc5a4e61ec380b208!8m2!3d49.264345!4d-123.1764925!16s%2Fg%2F11h9k2rz_0!19sChIJ2bkM2MxzhlQRCLKAwx7mpMU","1","https://maps.gstatic.com/tactile/basepage/loader_beige_2x.gif","output/photos/00027-midam-korean-restaurant-vancouver/001.jpg",""
"28","2026-04-27T04:17:28.873Z","google_maps_ui","Paul's Omelettery Restaurant","Breakfast restaurant","4.4","0","","","2211 Granville St, Vancouver, BC V6H 3G1","","","","","(604) 737-2857","http://paulsomelettery.com/","0","0","https://www.google.com/maps/place/Paul%27s+Omelettery+Restaurant/data=!4m7!3m6!1s0x548673c7d52f9493:0x5f8a3feb1dbdd90b!8m2!3d49.2659984!4d-123.1387561!16s%2Fg%2F1tgc9666!19sChIJk5Qv1cdzhlQRC9m9Hes_il8","1","https://maps.gstatic.com/tactile/basepage/loader_beige_2x.gif","output/photos/00028-paul-s-omelettery-restaurant/001.jpg",""
"29","2026-04-27T04:17:39.286Z","google_maps_ui","Joon's Kitchen","Korean restaurant","4.5","0","","Closed · Opens 5:30 p.m. Wed","3093 Oak St, Vancouver, BC V6H 2K8","","","","","(236) 996-1635","https://joonskitchen.zomi.menu/","0","0","https://www.google.com/maps/place/Joon%27s+Kitchen/data=!4m7!3m6!1s0x5486737e80b03d29:0xeb6ad6ccb4668f55!8m2!3d49.2580941!4d-123.1271409!16s%2Fg%2F11ghs20x6w!19sChIJKT2wgH5zhlQRVY9mtMzWaus","2","https://maps.gstatic.com/tactile/basepage/loader_beige_2x.gif | https://gstatic.com/local/placeinfo/lgbtq_friendly_ic_24dp.png","output/photos/00029-joon-s-kitchen/001.jpg | output/photos/00029-joon-s-kitchen/002.png",""
"30","2026-04-27T04:17:49.202Z","google_maps_ui","Farmer's Apprentice Restaurant","Pacific Northwest restaurant (Canada)","4.3","0","","Closed · Opens 5 p.m. Mon","1535 W 6th Ave, Vancouver, BC V6J 1R1","","","","","(604) 620-2070","http://www.farmersapprentice.ca/","0","0","https://www.google.com/maps/place/Farmer%27s+Apprentice+Restaurant/data=!4m7!3m6!1s0x548673c87a8a5389:0xce55cc4a8738c91f!8m2!3d49.2663397!4d-123.1396572!16s%2Fg%2F1ptwfftm2!19sChIJiVOKeshzhlQRH8k4h0rMVc4","1","https://gstatic.com/local/placeinfo/lgbtq_friendly_ic_24dp.png","output/photos/00030-farmer-s-apprentice-restaurant/001.png",""
"31","2026-04-27T04:17:59.309Z","google_maps_ui","The Eatery","Sushi restaurant","4.3","0","","Closes soon · 10 p.m. · Opens 4:30 p.m. Mon","3431 W Broadway, Vancouver, BC V6R 2B4","","","","","(604) 738-5298","http://theeatery.ca/","0","0","https://www.google.com/maps/place/The+Eatery/data=!4m7!3m6!1s0x5486725550faafff:0xc9ff618947acba53!8m2!3d49.2644681!4d-123.1807359!16s%2Fm%2F04ykdf1!19sChIJ_6_6UFVyhlQRU7qsR4lh_8k","2","https://maps.gstatic.com/tactile/basepage/loader_beige_2x.gif | https://gstatic.com/local/placeinfo/lgbtq_friendly_ic_24dp.png","output/photos/00031-the-eatery/001.jpg | output/photos/00031-the-eatery/002.png",""
"32","2026-04-27T04:18:09.076Z","google_maps_ui","Baan Wasana Thai Restaurant","Thai restaurant","4.4","0","","Closed · Opens 11 a.m. Tue","2143 W 41st Ave, Vancouver, BC V6M 1Z6","","","","","(778) 371-8971","http://www.baanwasana.com/","0","0","https://www.google.com/maps/place/Baan+Wasana+Thai+Restaurant/data=!4m7!3m6!1s0x5486737a534c55ab:0x76c6151dabb0710!8m2!3d49.234785!4d-123.15673!16s%2Fg%2F1tk6_5lm!19sChIJq1VMU3pzhlQREAe72lFhbAc","1","https://lh3.googleusercontent.com/gps-cs-s/APNQkAF1xD4JX_Ftn6Qjt4mKyjNpA32X_zVzL6_4-DTALvss6GCoEhFfjfuOsdKNttifs_J3zDwyVbenASPEC_mSujV9Gxjor6sggUfcMNhiuDMkytfD0G1wEKm3By1G1T0c-eTlNQN3yOh8FGC5=w662-h298-k-no","output/photos/00032-baan-wasana-thai-restaurant/001.jpg",""
"33","2026-04-27T04:18:18.185Z","google_maps_ui","Chickpea Restaurant","Vegan restaurant","4.4","0","","Open · Closes 11 p.m.","4298 Main St, Vancouver, BC V5V 3P9","","","","","(604) 620-0602","http://www.ilovechickpea.ca/","0","0","https://www.google.com/maps/place/Chickpea+Restaurant/data=!4m7!3m6!1s0x548673f7a416fdef:0xbb0033bf2fe842d9!8m2!3d49.2465917!4d-123.1010316!16s%2Fg%2F11g8p8vw87!19sChIJ7_0WpPdzhlQR2ULoL78zALs","1","https://maps.gstatic.com/tactile/basepage/loader_beige_2x.gif","output/photos/00033-chickpea-restaurant/001.jpg",""
"34","2026-04-27T04:18:28.308Z","google_maps_ui","Gary's","French restaurant","4.6","0","","Closed · Opens 5 p.m. Tue","1485 W 12th Ave, Vancouver, BC V6H 3J3","","","","","(604) 245-3800","https://www.garysrestaurant.ca/","0","0","https://www.google.com/maps/place/Gary%27s/data=!4m7!3m6!1s0x54867398419fc909:0x29a4b2a36439c539!8m2!3d49.2608555!4d-123.1382028!16s%2Fg%2F11sv_b8zjs!19sChIJCcmfQZhzhlQROcU5ZKOypCk","2","https://maps.gstatic.com/tactile/basepage/loader_beige_2x.gif | https://gstatic.com/local/placeinfo/lgbtq_friendly_ic_24dp.png","output/photos/00034-gary-s/001.jpg | output/photos/00034-gary-s/002.png",""
"35","2026-04-27T04:18:37.375Z","google_maps_ui","Banana Leaf Original (Broadway & Oak)","Malaysian restaurant","4.4","0","","","820 W Broadway, Vancouver, BC V5Z 1J8","","","","","(604) 731-6333","https://www.bananaleaf-vancouver.com/broadway","0","0","https://www.google.com/maps/place/Banana+Leaf+Original+%28Broadway+%26+Oak%29/data=!4m7!3m6!1s0x548673c318eb1877:0xfb761f1580182d13!8m2!3d49.2631683!4d-123.1224731!16s%2Fg%2F1tf5kbf8!19sChIJdxjrGMNzhlQREy0YgBUfdvs","1","https://maps.gstatic.com/tactile/basepage/loader_beige_2x.gif","output/photos/00035-banana-leaf-original-broadway-oak/001.jpg",""
"36","2026-04-27T04:18:47.057Z","google_maps_ui","Café Salade de Fruits","French restaurant","4.6","0","","Closed · Opens 11 a.m. Tue","1545 W 7th Ave, Vancouver, BC V6J 1S2","","","","","(604) 714-5987","https://www.cafesaladedefruits.ca/","0","0","https://www.google.com/maps/place/Caf%C3%A9+Salade+de+Fruits/data=!4m7!3m6!1s0x548673c7dc2a6bbb:0x5b760e0fd9c9b03f!8m2!3d49.2654832!4d-123.1399817!16s%2Fg%2F1tlwfbct!19sChIJu2sq3MdzhlQRP7DJ2Q8Odls","2","https://maps.gstatic.com/tactile/basepage/loader_beige_2x.gif | https://gstatic.com/local/placeinfo/lgbtq_friendly_ic_24dp.png","output/photos/00036-caf-salade-de-fruits/001.jpg | output/photos/00036-caf-salade-de-fruits/002.png",""
"37","2026-04-27T04:18:57.434Z","google_maps_ui","Kangsan","Korean restaurant","4.8","0","","Closes soon · 9:30 p.m. · Opens 11 a.m. Mon","3916 Main St, Vancouver, BC V5V 3P2","","","","","(778) 379-6770","","0","0","https://www.google.com/maps/place/Kangsan/data=!4m7!3m6!1s0x548673007814e375:0xbb9c2375422b5ad9!8m2!3d49.2500326!4d-123.1008391!16s%2Fg%2F11z3p86bj5!19sChIJdeMUeABzhlQR2VorQnUjnLs","2","https://maps.gstatic.com/tactile/basepage/loader_beige_2x.gif | https://lh3.googleusercontent.com/gps-cs-s/APNQkAGEYGee1q5OsvIgHmtog_XzFWqUH7l9RuDixM16f2mtVfN3enHt7B0CRbEpTznclpIwHHCPp5KidXoMDfAefKFUJko5qXcEIslJ8pzh1Oq3TeKbQZOBSys9Aqs6loLS6n-pzEkoWYz_9iBy=w662-h298-k-no","output/photos/00037-kangsan/001.jpg | output/photos/00037-kangsan/002.jpg",""
"38","2026-04-27T04:19:06.497Z","google_maps_ui","Cambie Vietnamese Restaurant","Vietnamese restaurant","4.5","0","","Closes soon · 10 p.m. · Opens 11 a.m. Mon","4136 Main St, Vancouver, BC V5V 3P7","","","","","(604) 872-3455","https://www.cambievietnameserestaurant.com/","0","0","https://www.google.com/maps/place/Cambie+Vietnamese+Restaurant/data=!4m7!3m6!1s0x548673f767783719:0x32d3593e9c48b249!8m2!3d49.2482993!4d-123.1007904!16s%2Fg%2F1vkxlz3n!19sChIJGTd4Z_dzhlQRSbJInD5Z0zI","1","https://maps.gstatic.com/tactile/basepage/loader_beige_2x.gif","output/photos/00038-cambie-vietnamese-restaurant/001.jpg",""
"39","2026-04-27T04:19:16.742Z","google_maps_ui","The Acorn Restaurant","Vegetarian restaurant","4.5","0","","","3995 Main St, Vancouver, BC V5V 3P3","","","","","(604) 566-9001","http://www.theacornrestaurant.ca/","0","0","https://www.google.com/maps/place/The+Acorn+Restaurant/data=!4m7!3m6!1s0x548673f9fed15cd3:0xd89867746a0138b6!8m2!3d49.2495919!4d-123.101381!16s%2Fg%2F11_t1cc13!19sChIJ01zR_vlzhlQRtjgBanRnmNg","3","https://maps.gstatic.com/tactile/basepage/loader_beige_2x.gif | https://gstatic.com/local/placeinfo/lgbtq_friendly_ic_24dp.png | https://gstatic.com/local/placeinfo/women_led_updated_ic_24dp.png","output/photos/00039-the-acorn-restaurant/001.jpg | output/photos/00039-the-acorn-restaurant/002.png | output/photos/00039-the-acorn-restaurant/003.png",""
"40","2026-04-27T04:19:27.019Z","google_maps_ui","Locus Restaurant & Lounge","Restaurant","4.4","0","","Open · Closes 11 p.m.","4121 Main St, Vancouver, BC V5V 3P6","","","","","(604) 708-4121","https://locusonmain.com/","0","0","https://www.google.com/maps/place/Locus+Restaurant+%26+Lounge/data=!4m7!3m6!1s0x548673f75c280e01:0x9916a4b447faca43!8m2!3d49.2484944!4d-123.1012917!16s%2Fg%2F1w3w2r06!19sChIJAQ4oXPdzhlQRQ8r6R7SkFpk","2","https://maps.gstatic.com/tactile/basepage/loader_beige_2x.gif | https://gstatic.com/local/placeinfo/lgbtq_friendly_ic_24dp.png","output/photos/00040-locus-restaurant-lounge/001.jpg | output/photos/00040-locus-restaurant-lounge/002.png",""
"41","2026-04-27T04:19:37.270Z","google_maps_ui","Lila Restaurant","Modern Indian restaurant","4.5","0","","","3941 Main St, Vancouver, BC V5V 3P3","","","","","(604) 620-3256","https://www.lilarestaurant.ca/","0","0","https://www.google.com/maps/place/Lila+Restaurant/data=!4m7!3m6!1s0x5486730122c04efb:0xff59dedf9c51fd88!8m2!3d49.2499488!4d-123.1013545!16s%2Fg%2F11vz843jhd!19sChIJ-07AIgFzhlQRiP1RnN_eWf8","2","https://gstatic.com/local/placeinfo/lgbtq_friendly_ic_24dp.png | https://gstatic.com/local/placeinfo/women_led_updated_ic_24dp.png","output/photos/00041-lila-restaurant/001.png | output/photos/00041-lila-restaurant/002.png",""
"42","2026-04-27T04:19:47.286Z","google_maps_ui","Ivy's Kitchen Vietnamese Restaurant","Restaurant","4.5","0","","Closed · Opens 10:30 a.m. Mon","4598 Main St, Vancouver, BC V5V 3R5","","","","","(604) 873-3345","","0","0","https://www.google.com/maps/place/Ivy%27s+Kitchen+Vietnamese+Restaurant/data=!4m7!3m6!1s0x548675ddbda64281:0x2fcac4b010291665!8m2!3d49.2434391!4d-123.1011704!16s%2Fg%2F11smzfv65f!19sChIJgUKmvd11hlQRZRYpELDEyi8","2","https://maps.gstatic.com/tactile/basepage/loader_beige_2x.gif | https://gstatic.com/local/placeinfo/lgbtq_friendly_ic_24dp.png","output/photos/00042-ivy-s-kitchen-vietnamese-restaurant/001.jpg | output/photos/00042-ivy-s-kitchen-vietnamese-restaurant/002.png",""
"43","2026-04-27T04:19:56.232Z","google_maps_ui","HYDE on Main","Bar & grill","4.4","0","","Open · Closes 12 a.m.","2960 Main St, Vancouver, BC V5T 3G3","","","","","(604) 709-6215","http://instagram.com/hydeonmain","0","0","https://www.google.com/maps/place/HYDE+on+Main/data=!4m7!3m6!1s0x548673e3a1826e8d:0x2073dac0b1626217!8m2!3d49.2586777!4d-123.1008863!16s%2Fg%2F1hc4dxfr0!19sChIJjW6CoeNzhlQRF2JiscDacyA","1","https://maps.gstatic.com/tactile/basepage/loader_beige_2x.gif","output/photos/00043-hyde-on-main/001.jpg",""
"44","2026-04-27T04:20:05.562Z","google_maps_ui","Heritage Restaurant & Bar","Restaurant","4.5","0","","","4242 Main St, Vancouver, BC V5V 3P9","","","","","(604) 559-6058","https://www.heritageasianeatery.com/","0","0","https://www.google.com/maps/place/Heritage+Restaurant+%26+Bar/data=!4m7!3m6!1s0x54867300399bb90d:0x4302e884fec58dc1!8m2!3d49.2471344!4d-123.1008415!16s%2Fg%2F11ltjzfdkn!19sChIJDbmbOQBzhlQRwY3F_oToAkM","1","https://maps.gstatic.com/tactile/basepage/loader_beige_2x.gif","output/photos/00044-heritage-restaurant-bar/001.jpg",""
"45","2026-04-27T04:20:15.867Z","google_maps_ui","Old Durbar Nepalese & Indian Restaurant","Restaurant","4.8","0","","Open · Closes 11 p.m.","147 E Broadway, Vancouver, BC V5T 1W1","","","","","(604) 757-4888","http://www.olddurbar.ca/","0","0","https://www.google.com/maps/place/Old+Durbar+Nepalese+%26+Indian+Restaurant/data=!4m7!3m6!1s0x54867344e60a71ab:0x31dc7e68ee987852!8m2!3d49.2630875!4d-123.1018754!16s%2Fg%2F11x_fxc4sz!19sChIJq3EK5kRzhlQRUniY7mh-3DE","2","https://maps.gstatic.com/tactile/basepage/loader_beige_2x.gif | https://gstatic.com/local/placeinfo/lgbtq_friendly_ic_24dp.png","output/photos/00045-old-durbar-nepalese-indian-restaurant/001.jpg | output/photos/00045-old-durbar-nepalese-indian-restaurant/002.png",""
"46","2026-04-27T04:20:24.993Z","google_maps_ui","Sawasdee Thai Restaurant","Thai restaurant","4.4","0","","","4250 Main St, Vancouver, BC V5V 3P9","","","","","(604) 876-4030","http://sawasdeethairestaurant.com/","0","0","https://www.google.com/maps/place/Sawasdee+Thai+Restaurant/data=!4m7!3m6!1s0x548673f70adfc721:0x2b32015437a58f64!8m2!3d49.2470623!4d-123.100929!16s%2Fg%2F1tf818tc!19sChIJIcffCvdzhlQRZI-lN1QBMis","1","https://maps.gstatic.com/tactile/basepage/loader_beige_2x.gif","output/photos/00046-sawasdee-thai-restaurant/001.jpg",""
"47","2026-04-27T04:20:35.917Z","google_maps_ui","Napoletana Pizza Restaurant","Italian restaurant","4.8","0","","Open · Closes 11 p.m.","3875 Fraser St, Vancouver, BC V5V 4E3","","","","","(604) 229-9249","http://pizzanapoletana.ca/","0","0","https://www.google.com/maps/place/Napoletana+Pizza+Restaurant/data=!4m7!3m6!1s0x548673000a434b6f:0x71afad34f87794c6!8m2!3d49.2503594!4d-123.0904477!16s%2Fg%2F11vr4v0rk0!19sChIJb0tDCgBzhlQRxpR3-DStr3E","2","https://gstatic.com/local/placeinfo/lgbtq_friendly_ic_24dp.png | https://lh3.googleusercontent.com/gps-cs-s/APNQkAF7VhYT1tm6R-yME3_n5FcwQTA_4RJo4QO5MXIY9wa8Opqy942VJFYME6mlYgQ00fwptV9x-F3XaVmFyRD_QhO2QICXHLQIenhOXMsKzNyD-k3Y2W4ExTmP1Cq8ai1Fvrhi_cnrew=w991-h298-k-no","output/photos/00047-napoletana-pizza-restaurant/001.png | output/photos/00047-napoletana-pizza-restaurant/002.jpg",""
"48","2026-04-27T04:20:45.853Z","google_maps_ui","The Farmhouse","Restaurant","4.4","0","","Closes soon · 10 p.m. · Opens 12 p.m. Mon","352 E 10th Ave, Vancouver, BC V5T 1Z7","","","","","(604) 260-2477","https://farmhouseon10th.com/","0","0","https://www.google.com/maps/place/The+Farmhouse/data=!4m7!3m6!1s0x54867115048685c5:0x981ac2589b8eb47d!8m2!3d49.261847!4d-123.0971036!16s%2Fg%2F11r8x3xwnv!19sChIJxYWGBBVxhlQRfbSOm1jCGpg","1","https://gstatic.com/local/placeinfo/lgbtq_friendly_ic_24dp.png","output/photos/00048-the-farmhouse/001.png",""
"49","2026-04-27T04:20:55.685Z","google_maps_ui","Fassil Restaurant","Ethiopian restaurant","4.7","0","","Closes soon · 10 p.m. · Opens 12 p.m. Mon","736 E Broadway, Vancouver, BC V5T 1X9","","","","","(604) 879-2001","http://www.fassil.ca/","0","0","https://www.google.com/maps/place/Fassil+Restaurant/data=!4m7!3m6!1s0x5486715a2ac1718f:0xd1788c93d5a4b96f!8m2!3d49.2623269!4d-123.088234!16s%2Fg%2F1vp6zwh5!19sChIJj3HBKlpxhlQRb7mk1ZOMeNE","1","https://lh3.googleusercontent.com/gps-cs-s/APNQkAHzBrbof4DpkAf0RYgXcnXaQBJKMQF2lVrOF5Lxh4MmjT24c4bWpgCUny-A5DWSw6_RXRAizKeA48j9mfV7B0vSywWeO7spt_YtcpiI302bW_-gIXLxxQOqO6ZVbxey6paCWZ_D6w=w613-h298-k-no","output/photos/00049-fassil-restaurant/001.jpg",""
"50","2026-04-27T04:21:04.937Z","google_maps_ui","Thai Away Home at City Square","Restaurant","4.8","0","","Closed · Opens 11:15 a.m. Mon","555 W 12th Ave #28, Vancouver, BC V5Z 3X7","","","","","(604) 879-6565","http://thaiaway.com/","0","0","https://www.google.com/maps/place/Thai+Away+Home+at+City+Square/data=!4m7!3m6!1s0x5486733a297f69e1:0xd4ad811110449df8!8m2!3d49.2607144!4d-123.116348!16s%2Fg%2F11fnqxb46p!19sChIJ4Wl_KTpzhlQR-J1EEBGBrdQ","1","https://maps.gstatic.com/tactile/basepage/loader_beige_2x.gif","output/photos/00050-thai-away-home-at-city-square/001.jpg",""
"51","2026-04-27T04:21:14.097Z","google_maps_ui","East is East","Mediterranean restaurant","4.7","0","","Closes soon · 10 p.m. · Opens 11:30 a.m. Mon","4433 Main St, Vancouver, BC V5V 3P9","","","","","(604) 565-4401","http://www.eastiseast.ca/","0","0","https://www.google.com/maps/place/East+is+East/data=!4m7!3m6!1s0x548673f7b4ed5757:0x44f1078e688cf54e!8m2!3d49.245424!4d-123.1014784!16s%2Fg%2F1td_gyp7!19sChIJV1fttPdzhlQRTvWMaI4H8UQ","1","https://maps.gstatic.com/tactile/basepage/loader_beige_2x.gif","output/photos/00051-east-is-east/001.jpg",""
"52","2026-04-27T04:21:23.167Z","google_maps_ui","B House Restaurant","Asian fusion restaurant","4.7","0","","Closed · Opens 11:30 a.m. Mon","2270 Commercial Dr, Vancouver, BC V5N 4B5","","","","","(604) 564-2468","http://www.bhouse.ca/","0","0","https://www.google.com/maps/place/B+House+Restaurant/data=!4m7!3m6!1s0x54867127615c91cd:0x18bfaa0dd1b14804!8m2!3d49.2644549!4d-123.0695255!16s%2Fg%2F11hfnc14rb!19sChIJzZFcYSdxhlQRBEix0Q2qvxg","1","https://maps.gstatic.com/tactile/basepage/loader_beige_2x.gif","output/photos/00052-b-house-restaurant/001.jpg",""
"53","2026-04-27T04:21:33.204Z","google_maps_ui","The Hideout Diner","Restaurant","4.7","0","","Closed · Opens 8 a.m. Mon","1951 Glen Dr, Vancouver, BC V6A 4K4","","","","","(604) 255-5445","https://thehideoutdiner.ca/","0","0","https://www.google.com/maps/place/The+Hideout+Diner/data=!4m7!3m6!1s0x54867143a4a7f34d:0xce840d67617c09b2!8m2!3d49.2676871!4d-123.0824638!16s%2Fg%2F1tfdd4j0!19sChIJTfOnpENxhlQRsgl8YWcNhM4","1","https://gstatic.com/local/placeinfo/lgbtq_friendly_ic_24dp.png","output/photos/00053-the-hideout-diner/001.png",""
"54","2026-04-27T04:21:42.149Z","google_maps_ui","The Tipper Restaurant","Restaurant","4.5","0","","Closed · Opens 9 a.m. Mon","2066 Kingsway, Vancouver, BC V5N 2T3","","","","","(604) 873-1010","https://www.thetipperrestaurant.com/","0","0","https://www.google.com/maps/place/The+Tipper+Restaurant/data=!4m7!3m6!1s0x548676af5618bd55:0x4dd217723d9c6eaf!8m2!3d49.2445748!4d-123.0643875!16s%2Fg%2F1tx4p1ck!19sChIJVb0YVq92hlQRr26cPXIX0k0","1","https://maps.gstatic.com/tactile/basepage/loader_beige_2x.gif","output/photos/00054-the-tipper-restaurant/001.jpg",""
"55","2026-04-27T04:21:51.780Z","google_maps_ui","Mỹ Châu Restaurant","Vietnamese restaurant","4.7","0","","Closed · Opens 9 a.m. Mon","1715 Kingsway, Vancouver, BC V5N 2S4","","","","","(604) 874-6880","https://my-chau-vietnamese-restaurant.square.site/","0","0","https://www.google.com/maps/place/M%E1%BB%B9+Ch%C3%A2u+Restaurant/data=!4m7!3m6!1s0x548676a949fdfae7:0xa4e3a16c2ff971a6!8m2!3d49.2472805!4d-123.0693107!16s%2Fg%2F1tf0q9js!19sChIJ5_r9Sal2hlQRpnH5L2yh46Q","2","https://maps.gstatic.com/tactile/basepage/loader_beige_2x.gif | https://lh3.googleusercontent.com/gps-cs-s/APNQkAHtF7070WifyFFHmWlSXicgTiMhtKYAVKCNXXcQe1xAMCMGMkoD9guhJn_rhd052Bu6C9325odC5NdQB7aAvIkyrmJyRM7uxXs9je4evkoAqg2HI1V8v3GYShbMx5vh3lzXXpXL=w641-h298-k-no","output/photos/00055-m-ch-u-restaurant/001.jpg | output/photos/00055-m-ch-u-restaurant/002.jpg",""
"56","2026-04-27T04:22:01.553Z","google_maps_ui","Mnimes Restaurant & Bar","Greek restaurant","4.7","0","","","6459 Victoria Dr, Vancouver, BC V5P 3X5","","","","","(778) 980-8880","https://mnimesrestaurantbar.com/","0","0","https://www.google.com/maps/place/Mnimes+Restaurant+%26+Bar/data=!4m7!3m6!1s0x5486754336af3177:0xc8da0b99b500493a!8m2!3d49.2257981!4d-123.0661343!16s%2Fg%2F11v06__3rz!19sChIJdzGvNkN1hlQROkkAtZkL2sg","2","https://maps.gstatic.com/tactile/basepage/loader_beige_2x.gif | https://gstatic.com/local/placeinfo/lgbtq_friendly_ic_24dp.png","output/photos/00056-mnimes-restaurant-bar/001.jpg | output/photos/00056-mnimes-restaurant-bar/002.png",""
"57","2026-04-27T04:22:10.392Z","google_maps_ui","Nirvana - Indian restaurant","Indian restaurant","4.8","0","","Open · Closes 11 p.m.","6482 Victoria Dr, Vancouver, BC V5P 3X7","","","","","(604) 872-8779","https://www.nirvanaonvictoria.com/","0","0","https://www.google.com/maps/place/Nirvana+-+Indian+restaurant/data=!4m7!3m6!1s0x548675dc09c7cc41:0x447946c47112fd4b!8m2!3d49.2254614!4d-123.0654082!16s%2Fg%2F11l5q3tvvs!19sChIJQczHCdx1hlQRS_0SccRGeUQ","1","https://maps.gstatic.com/tactile/basepage/loader_beige_2x.gif","output/photos/00057-nirvana-indian-restaurant/001.jpg",""
"58","2026-04-27T04:22:19.306Z","google_maps_ui","Yu Xiang Yuan Restaurant","Chinese restaurant","4.3","0","","Closes soon · 9:30 p.m. · Opens 11:30 a.m. Mon","6591 Fraser St, Vancouver, BC V5X 3T6","","","","","(604) 620-1856","http://yuxiangyuantogo.com/","0","0","https://www.google.com/maps/place/Yu+Xiang+Yuan+Restaurant/data=!4m7!3m6!1s0x548674401e0aa3cb:0x40ca6803daff5fef!8m2!3d49.2246797!4d-123.0910429!16s%2Fg%2F1pzxvk15r!19sChIJy6MKHkB0hlQR71__2gNoykA","1","https://maps.gstatic.com/tactile/basepage/loader_beige_2x.gif","output/photos/00058-yu-xiang-yuan-restaurant/001.jpg",""
"59","2026-04-27T04:22:27.440Z","google_maps_ui","Simply Delicious Restaurant & Bar","Asian fusion restaurant","4.2","0","","Open · Closes 1 a.m.","4316 Main St, Vancouver, BC V5V 3P9","","","","","(604) 875-9866","https://sdeatery.com/","0","0","https://www.google.com/maps/place/Simply+Delicious+Restaurant+%26+Bar/data=!4m7!3m6!1s0x548673f7a5b6cf1b:0xa8f302df81a84bde!8m2!3d49.2465064!4d-123.1010252!16s%2Fg%2F1v6p8k06!19sChIJG8-2pfdzhlQR3kuogd8C86g","0","","",""
"60","2026-04-27T04:22:36.434Z","google_maps_ui","Dhamaka Indian Restaurant | Vancouver","Indian restaurant","4.7","0","","Open · Closes 12 a.m.","6560 Main St, Vancouver, BC V5X 3G9","","","","","(236) 205-7599","https://dhamakarestaurant.com/","0","0","https://www.google.com/maps/place/Dhamaka+Indian+Restaurant+%7C+Vancouver/data=!4m7!3m6!1s0x5486757e29bfe9c9:0x7ec7b47282b6d270!8m2!3d49.2251225!4d-123.1014899!16s%2Fg%2F11vm0szp56!19sChIJyem_KX51hlQRcNK2gnK0x34","1","https://maps.gstatic.com/tactile/basepage/loader_beige_2x.gif","output/photos/00060-dhamaka-indian-restaurant-vancouver/001.jpg",""
"61","2026-04-27T04:22:46.504Z","google_maps_ui","The Main","Restaurant","3.9","0","","","4210 Main St, Vancouver, BC V5V 3P9","","","","","(604) 558-4047","http://themainonmain.com/","0","0","https://www.google.com/maps/place/The+Main/data=!4m7!3m6!1s0x548673f7721607d3:0xb87d54700d7ab72f!8m2!3d49.2474396!4d-123.1009578!16s%2Fg%2F1wk4crs0!19sChIJ0wcWcvdzhlQRL7d6DXBUfbg","2","https://maps.gstatic.com/tactile/basepage/loader_beige_2x.gif | https://gstatic.com/local/placeinfo/lgbtq_friendly_ic_24dp.png","output/photos/00061-the-main/001.jpg | output/photos/00061-the-main/002.png",""
"62","2026-04-27T04:22:56.291Z","google_maps_ui","The Lion's Den Cafe","Caribbean restaurant","4.7","0","","Closed · Opens 11 a.m. Wed","651 E 15th Ave, Vancouver, BC V5T 2R6","","","","","(604) 873-4555","https://www.facebook.com/lionsdencafe.van","0","0","https://www.google.com/maps/place/The+Lion%27s+Den+Cafe/data=!4m7!3m6!1s0x54867157c6acc529:0xfc63792621e21b2e!8m2!3d49.2574057!4d-123.0899468!16s%2Fg%2F1ptwcnfc7!19sChIJKcWsxldxhlQRLhviISZ5Y_w","2","https://maps.gstatic.com/tactile/basepage/loader_beige_2x.gif | https://gstatic.com/local/placeinfo/lgbtq_friendly_ic_24dp.png","output/photos/00062-the-lion-s-den-cafe/001.jpg | output/photos/00062-the-lion-s-den-cafe/002.png",""
"63","2026-04-27T04:23:06.378Z","google_maps_ui","Sprezzatura Restaurant","Pizza restaurant","4.3","0","","","265 Kingsway, Vancouver, BC V5T 0H1","","","","","(604) 876-6333","http://www.sprezzatura.ca/","0","0","https://www.google.com/maps/place/Sprezzatura+Restaurant/data=!4m7!3m6!1s0x5486737598c64e09:0xaa2286e779f72554!8m2!3d49.2613032!4d-123.0975599!16s%2Fg%2F11h7f56bwd!19sChIJCU7GmHVzhlQRVCX3eeeGIqo","2","https://maps.gstatic.com/tactile/basepage/loader_beige_2x.gif | https://gstatic.com/local/placeinfo/lgbtq_friendly_ic_24dp.png","output/photos/00063-sprezzatura-restaurant/001.jpg | output/photos/00063-sprezzatura-restaurant/002.png",""
"64","2026-04-27T04:23:15.420Z","google_maps_ui","LienHiep Restaurant","Vietnamese restaurant","4.7","0","","Closed · Opens 10 a.m. Mon","5083 Victoria Dr, Vancouver, BC V5P 3T9","","","","","(236) 470-0158","https://www.instagram.com/LienHiepRestaurant","0","0","https://www.google.com/maps/place/LienHiep+Restaurant/data=!4m7!3m6!1s0x548677e8430a7bd7:0xdc92b6d05e6a3707!8m2!3d49.238584!4d-123.0655722!16s%2Fg%2F11x8njzjlz!19sChIJ13sKQ-h3hlQRBzdqXtC2ktw","1","https://maps.gstatic.com/tactile/basepage/loader_beige_2x.gif","output/photos/00064-lienhiep-restaurant/001.jpg",""
"65","2026-04-27T04:23:24.527Z","google_maps_ui","chefhyve","Restaurant","4.6","0","","Closed · Opens 11:30 a.m. Mon","2525 Kingsway, Vancouver, BC V5R 5H3","","","","","(604) 434-5934","http://chefhyve.ca/","0","0","https://www.google.com/maps/place/chefhyve/data=!4m7!3m6!1s0x548677f61d6ad10f:0xf871529c14fc71f7!8m2!3d49.2400203!4d-123.0536254!16s%2Fg%2F11fstq0q7w!19sChIJD9FqHfZ3hlQR93H8FJxScfg","1","https://maps.gstatic.com/tactile/basepage/loader_beige_2x.gif","output/photos/00065-chefhyve/001.jpg",""
"66","2026-04-27T04:23:35.555Z","google_maps_ui","Boteco Brasil Restaurant","Brazilian restaurant","4.3","0","","Closes soon · 10 p.m. · Opens 4 p.m. Tue","2545 Nanaimo St, Vancouver, BC V5N 5E6","","","","","(778) 379-7995","http://boteco.ca/","0","0","https://www.google.com/maps/place/Boteco+Brasil+Restaurant/data=!4m7!3m6!1s0x5486713586b88c8f:0x9e2e52e252029862!8m2!3d49.2615926!4d-123.0569897!16s%2Fg%2F1wc47nmg!19sChIJj4y4hjVxhlQRYpgCUuJSLp4","4","https://maps.gstatic.com/tactile/basepage/loader_beige_2x.gif | https://gstatic.com/local/placeinfo/lgbtq_friendly_ic_24dp.png | https://gstatic.com/local/placeinfo/women_led_updated_ic_24dp.png | https://lh3.googleusercontent.com/gps-cs-s/APNQkAELTUtgFZ1zymWZ1eonrp_pe9jSPuGfHqn2e24CI7fHajQRg5ovEfFDlxMXn7D86kLGabx1CV1olJl0BsXfDRc7r8EYu0GrsicyADveZhcQg4j6qisX3fSh9WFEs3BWRK41Ig0P=w662-h298-k-no","output/photos/00066-boteco-brasil-restaurant/001.jpg | output/photos/00066-boteco-brasil-restaurant/002.png | output/photos/00066-boteco-brasil-restaurant/003.png | output/photos/00066-boteco-brasil-restaurant/004.jpg",""
"67","2026-04-27T04:23:44.707Z","google_maps_ui","Kishimoto Japanese Restaurant","Japanese restaurant","4.4","0","","Closes soon · 9:45 p.m. · Opens 5 p.m. Tue","2054 Commercial Dr, Vancouver, BC V5N 4A9","","","","","(604) 255-5550","http://www.kishimotorestaurant.com/","0","0","https://www.google.com/maps/place/Kishimoto+Japanese+Restaurant/data=!4m7!3m6!1s0x548671462f931067:0x3ebdf4dc0245bb!8m2!3d49.266736!4d-123.0694088!16s%2Fg%2F1hc1yk_95!19sChIJZxCTL0ZxhlQRu0UC3PS9PgA","1","https://maps.gstatic.com/tactile/basepage/loader_beige_2x.gif","output/photos/00067-kishimoto-japanese-restaurant/001.jpg",""
"68","2026-04-27T04:23:53.778Z","google_maps_ui","Social","Restaurant","4.2","0","","","1812 Commercial Dr, Vancouver, BC V5N 4A5","","","","","(604) 251-5565","https://www.socialyvr.com/","0","0","https://www.google.com/maps/place/Social/data=!4m7!3m6!1s0x5486718626a75047:0x6a66ac6b59932937!8m2!3d49.2684973!4d-123.0694539!16s%2Fg%2F11m7mkpj4l!19sChIJR1CnJoZxhlQRNymTWWusZmo","1","https://maps.gstatic.com/tactile/basepage/loader_beige_2x.gif","output/photos/00068-social/001.jpg",""
"69","2026-04-27T04:24:02.678Z","google_maps_ui","Joojak Restaurant","Chinese restaurant","4.6","0","","Closes soon · 9:30 p.m. · Opens 12 p.m. Wed","3337 Kingsway, Vancouver, BC V5R 6G8","","","","","(604) 563-8816","https://m.facebook.com/pages/Joojak-Restaurant-%E6%9C%B1%E9%9B%80%E5%9D%8A/577836072337195","0","0","https://www.google.com/maps/place/Joojak+Restaurant/data=!4m7!3m6!1s0x54867691af8d5c11:0x1cd0e92e64fd0280!8m2!3d49.2336747!4d-123.034541!16s%2Fg%2F11b6bmtvwr!19sChIJEVyNr5F2hlQRgAL9ZC7p0Bw","1","https://maps.gstatic.com/tactile/basepage/loader_beige_2x.gif","output/photos/00069-joojak-restaurant/001.jpg",""
"70","2026-04-27T04:24:11.509Z","google_maps_ui","SOCIAL CORNER YALETOWN","Italian restaurant","4.4","0","","","891 Homer St, Vancouver, BC V6B 2W2","","","","","(604) 428-6111","http://www.persesocialcorner.com/","0","0","https://www.google.com/maps/place/SOCIAL+CORNER+YALETOWN/data=!4m7!3m6!1s0x5486717e08c9de97:0x28f9cd6e1cd9c408!8m2!3d49.2787253!4d-123.118532!16s%2Fg%2F11cjkp_vw3!19sChIJl97JCH5xhlQRCMTZHG7N-Sg","1","https://maps.gstatic.com/tactile/basepage/loader_beige_2x.gif","output/photos/00070-social-corner-yaletown/001.jpg",""
"71","2026-04-27T04:24:20.490Z","google_maps_ui","LOCAL Public Eatery Kitsilano","Restaurant","4.5","0","","","2210 Cornwall Ave, Vancouver, BC V6K 1B5","","","","","(604) 734-3589","https://localpubliceatery.com/neighbourhoods/kitsilano/","0","0","https://www.google.com/maps/place/LOCAL+Public+Eatery+Kitsilano/data=!4m7!3m6!1s0x5486724ace86eda3:0x65a41379ed75fd35!8m2!3d49.2723249!4d-123.1553524!16s%2Fm%2F07ztb2b!19sChIJo-2GzkpyhlQRNf117XkTpGU","1","https://maps.gstatic.com/tactile/basepage/loader_beige_2x.gif","output/photos/00071-local-public-eatery-kitsilano/001.jpg",""
"72","2026-04-27T04:24:30.249Z","google_maps_ui","The Sandbar Seafood Restaurant","Seafood restaurant","4.5","0","","Closes soon · 10 p.m. · Opens 11:30 a.m. Mon","1535 Johnston St Creekhouse #102, Vancouver, BC V6H 3R9","","","","","(604) 669-9030","https://www.vancouverdine.com/sandbar","0","0","https://www.google.com/maps/place/The+Sandbar+Seafood+Restaurant/data=!4m7!3m6!1s0x548673ce6f66a28f:0xa5cbd4e4ea341af2!8m2!3d49.2711993!4d-123.134093!16s%2Fg%2F1tdm3d_7!19sChIJj6Jmb85zhlQR8ho06uTUy6U","2","https://maps.gstatic.com/tactile/basepage/loader_beige_2x.gif | https://lh3.googleusercontent.com/gps-cs-s/APNQkAGsV7DF01vdtRRB6jmOi5LyQNp3HTQDlyfhH9G8ZQP7AyXQsMs-xsUVyYu9m1oHnv41NFR2RaMNtZy1ioKw2OMrWkSMJ6G5vZ9gh-wrGdDM0XZqlkkRcQrkLxZEalF0r_TLb5sjjw=w631-h298-k-no","output/photos/00072-the-sandbar-seafood-restaurant/001.jpg | output/photos/00072-the-sandbar-seafood-restaurant/002.jpg",""
"73","2026-04-27T04:24:41.027Z","google_maps_ui","Nook Kitsilano","Italian restaurant","4.5","0","","","1525 Yew St, Vancouver, BC V6K 3E5","","","","","(604) 734-0099","http://nookrestaurants.com/","0","0","https://www.google.com/maps/place/Nook+Kitsilano/data=!4m7!3m6!1s0x5486724accdfd3ab:0x1a76eeacdb74aa52!8m2!3d49.2722275!4d-123.1551661!16s%2Fg%2F1pzqkfdrw!19sChIJq9PfzEpyhlQRUqp026zudho","4","https://maps.gstatic.com/tactile/basepage/loader_beige_2x.gif | https://gstatic.com/local/placeinfo/lgbtq_friendly_ic_24dp.png | https://gstatic.com/local/placeinfo/women_led_updated_ic_24dp.png | https://lh3.googleusercontent.com/gps-cs-s/APNQkAELl2spbR5HqCoT0L1ylFW7Q7WzRDq1wcI5RSeHeoN-di9jQaFr0oARItd9b10EhZHnp7PNpUIfnhPlrg28U8pYuuMcUO2-ynXHV9EoJb_RwcM0gkvR563GLCilVbF5L7kQxoE1sA=w613-h298-k-no","output/photos/00073-nook-kitsilano/001.jpg | output/photos/00073-nook-kitsilano/002.png | output/photos/00073-nook-kitsilano/003.png | output/photos/00073-nook-kitsilano/004.jpg",""
"74","2026-04-27T04:24:50.611Z","google_maps_ui","Brunch Vancouver | Breakfast & Brunch Restaurant","Brunch restaurant","4.7","0","","Closed · Opens 8:30 a.m. Mon","1147 Granville St, Vancouver, BC V6Z 1M1","","","","","(604) 423-9132","https://www.brunchvancouver.com/","0","0","https://www.google.com/maps/place/Brunch+Vancouver+%7C+Breakfast+%26+Brunch+Restaurant/data=!4m7!3m6!1s0x54867309fcc8a599:0x38ad1952fea0969!8m2!3d49.2778708!4d-123.1256128!16s%2Fg%2F11fvgy1lrq!19sChIJmaXI_AlzhlQRaQnqL5XRigM","2","https://maps.gstatic.com/tactile/basepage/loader_beige_2x.gif | https://gstatic.com/local/placeinfo/lgbtq_friendly_ic_24dp.png","output/photos/00074-brunch-vancouver-breakfast-brunch-restaurant/001.jpg | output/photos/00074-brunch-vancouver-breakfast-brunch-restaurant/002.png",""
"75","2026-04-27T04:24:59.788Z","google_maps_ui","Giardino Restaurant","Italian restaurant","4.5","0","","Closed · Opens 5:30 p.m. Tue","1328 Hornby St, Vancouver, BC V6Z 1W5","","","","","(604) 669-2422","http://www.umberto.com/giardino","0","0","https://www.google.com/maps/place/Giardino+Restaurant/data=!4m7!3m6!1s0x548673d3a562df75:0xcb734c7a6aa4e04d!8m2!3d49.2769414!4d-123.1299926!16s%2Fm%2F04yj2rw!19sChIJdd9ipdNzhlQRTeCkanpMc8s","1","https://maps.gstatic.com/tactile/basepage/loader_beige_2x.gif","output/photos/00075-giardino-restaurant/001.jpg",""
"76","2026-04-27T04:25:09.727Z","google_maps_ui","Chambar Restaurant","Restaurant","4.5","0","","","568 Beatty St, Vancouver, BC V6B 2L3","","","","","(604) 879-7119","http://www.chambar.com/","0","0","https://www.google.com/maps/place/Chambar+Restaurant/data=!4m7!3m6!1s0x5486717be8486bab:0xd14b5c9fbf94a205!8m2!3d49.2801271!4d-123.1099351!16s%2Fm%2F04xw3_q!19sChIJq2tI6HtxhlQRBaKUv59cS9E","3","https://maps.gstatic.com/tactile/basepage/loader_beige_2x.gif | https://gstatic.com/local/placeinfo/lgbtq_friendly_ic_24dp.png | https://gstatic.com/local/placeinfo/women_led_updated_ic_24dp.png","output/photos/00076-chambar-restaurant/001.jpg | output/photos/00076-chambar-restaurant/002.png | output/photos/00076-chambar-restaurant/003.png",""
"77","2026-04-27T04:25:18.795Z","google_maps_ui","Rikoko by Hungry Guys Kitchen","Restaurant","4.5","0","","","988 Granville St, Vancouver, BC V6Z 1L2","","","","","(604) 428-2625","https://www.hungryguyskitchen.com/","0","0","https://www.google.com/maps/place/Rikoko+by+Hungry+Guys+Kitchen/data=!4m7!3m6!1s0x548673d59bc72273:0x396266e87bade77d!8m2!3d49.279319!4d-123.1226589!16s%2Fg%2F11bx89mkph!19sChIJcyLHm9VzhlQRfeete-hmYjk","1","https://maps.gstatic.com/tactile/basepage/loader_beige_2x.gif","output/photos/00077-rikoko-by-hungry-guys-kitchen/001.jpg",""
"78","2026-04-27T04:25:27.914Z","google_maps_ui","Radish restaurant","Italian restaurant","4.6","0","","","1876 W 1st Ave, Vancouver, BC V6J 5J1","","","","","(604) 606-0840","https://radishrestaurant.com/","0","0","https://www.google.com/maps/place/Radish+restaurant/data=!4m7!3m6!1s0x54867396c3f2f655:0x1d54ba6a5a3ae76e!8m2!3d49.2704796!4d-123.1472858!16s%2Fg%2F11tj9d5jvp!19sChIJVfbyw5ZzhlQRbuc6Wmq6VB0","1","https://maps.gstatic.com/tactile/basepage/loader_beige_2x.gif","output/photos/00078-radish-restaurant/001.jpg",""
"79","2026-04-27T04:25:37.552Z","google_maps_ui","Moxies West Georgia Restaurant","Restaurant","4.6","0","","","180 W Georgia St, Vancouver, BC V6B 4P4","","","","","(604) 684-8434","https://moxies.com/restaurants/west-georgia?utm_source=GMB&utm_medium=google-location-listing&utm_campaign=organic","0","0","https://www.google.com/maps/place/Moxies+West+Georgia+Restaurant/data=!4m7!3m6!1s0x5486717c17c677a9:0x99a1eea8b6fef202!8m2!3d49.2788916!4d-123.1130907!16s%2Fg%2F1tj32tsp!19sChIJqXfGF3xxhlQRAvL-tqjuoZk","2","https://maps.gstatic.com/tactile/basepage/loader_beige_2x.gif | https://gstatic.com/local/placeinfo/lgbtq_friendly_ic_24dp.png","output/photos/00079-moxies-west-georgia-restaurant/001.jpg | output/photos/00079-moxies-west-georgia-restaurant/002.png",""
"80","2026-04-27T04:25:47.587Z","google_maps_ui","Oddfish Restaurant","Seafood restaurant","4.6","0","","","1889 W 1st Ave, Vancouver, BC V6J 5J1","","","","","(604) 564-6330","http://www.oddfishrestaurant.com/","0","0","https://www.google.com/maps/place/Oddfish+Restaurant/data=!4m7!3m6!1s0x548673ca690294f5:0xa53d87ed81c71f2f!8m2!3d49.2708198!4d-123.1477029!16s%2Fg%2F11fx7n9w7y!19sChIJ9ZQCacpzhlQRLx_Hge2HPaU","3","https://maps.gstatic.com/tactile/basepage/loader_beige_2x.gif | https://lh3.googleusercontent.com/gps-cs-s/APNQkAHBEgsruzBm6LKPFmPy6XGmEFwhbF5tiIwupRDgOHJL0vwW7hPQoPzUhC4zN87O5YeUmcTceGbTpuVZ59EtRkYErtJck_71RXdSRpYHEU73I06LQFcbOOqhWPogkjNbNPZxvAZw5CWYTxVn=w645-h298-k-no | https://lh3.googleusercontent.com/gps-cs-s/APNQkAGVnFcfJ-R9jH5TG50fWtGUfN-BQB-HL4FlyGU43-W6sAsaw4nwFtqxJR0TG5tMXkROtYJYJa95Qfmi3R7pxYutWlJ3BEWukHPSYiZ-xz9q9ZcRgqJiKzXLsjBBhSFixDMN_gav=w638-h298-k-no","output/photos/00080-oddfish-restaurant/001.jpg | output/photos/00080-oddfish-restaurant/002.jpg | output/photos/00080-oddfish-restaurant/003.jpg",""
"81","2026-04-27T04:25:56.913Z","google_maps_ui","Thai Town Restaurant","Thai restaurant","4.5","0","","Open · Closes 1 a.m.","1065 Granville St, Vancouver, BC V6Z 1L4","","","","","(604) 428-4588","https://www.vancouverthaitown.com/","0","0","https://www.google.com/maps/place/Thai+Town+Restaurant/data=!4m7!3m6!1s0x5486735fb97ab1dd:0xbbab9461486cfba7!8m2!3d49.2786348!4d-123.1242475!16s%2Fg%2F11mvmk3lcv!19sChIJ3bF6uV9zhlQRp_tsSGGUq7s","1","https://maps.gstatic.com/tactile/basepage/loader_beige_2x.gif","output/photos/00081-thai-town-restaurant/001.jpg",""
"82","2026-04-27T04:26:06.666Z","google_maps_ui","Manoush'eh","Palestinian restaurant","4.8","0","","Closed · Opens 11 a.m. Mon","620 Davie St, Vancouver, BC V6B 2G5","","","","","(604) 440-4402","https://www.manousheh.ca/","0","0","https://www.google.com/maps/place/Manoush%27eh/data=!4m7!3m6!1s0x548673d41a083a57:0x55118a3cd49cacf0!8m2!3d49.2766748!4d-123.1256829!16s%2Fg%2F11f157wrrj!19sChIJVzoIGtRzhlQR8Kyc1DyKEVU","2","https://maps.gstatic.com/tactile/basepage/loader_beige_2x.gif | https://lh3.googleusercontent.com/gps-cs-s/APNQkAEYpLtM4rc3KL4asgeVB1O6wv6QvP37YxlHq2R6abTu9sixWZ9CqlyCKHfCt5NktzJ7mmz_i9NWtf2x0JPVLLzfo4qw92D8odut4ZaMpzEQcarf4ad4YgdJcEcxnSgOlADOFpUj7iyu5ilM=w638-h298-k-no","output/photos/00082-manoush-eh/001.jpg | output/photos/00082-manoush-eh/002.jpg",""
"83","2026-04-27T04:26:15.672Z","google_maps_ui","Frankie's Italian Vancouver","Italian restaurant","4.3","0","","","765 Beatty St, Vancouver, BC V6B 2M4","","","","","(604) 688-6368","https://www.frankiesitaliankitchen.ca/","0","0","https://www.google.com/maps/place/Frankie%27s+Italian+Vancouver/data=!4m7!3m6!1s0x5486717c4efb12e1:0xd0f8a6043514094d!8m2!3d49.278217!4d-123.1133985!16s%2Fg%2F1vr1wb0p!19sChIJ4RL7TnxxhlQRTQkUNQSm-NA","1","https://maps.gstatic.com/tactile/basepage/loader_beige_2x.gif","output/photos/00083-frankie-s-italian-vancouver/001.jpg",""
"84","2026-04-27T04:26:25.774Z","google_maps_ui","Thai Away Home on Granville","Thai restaurant","4.7","0","","Closed · Opens 11:30 a.m. Mon","1081 Granville St, Vancouver, BC V6Z 1L4","","","","","(604) 428-5195","http://www.thaiaway.com/","0","0","https://www.google.com/maps/place/Thai+Away+Home+on+Granville/data=!4m7!3m6!1s0x548673d5ad8156c3:0xcce90c154296919f!8m2!3d49.2785035!4d-123.1245091!16s%2Fg%2F11c1mzvnt5!19sChIJw1aBrdVzhlQRn5GWQhUM6cw","2","https://maps.gstatic.com/tactile/basepage/loader_beige_2x.gif | https://gstatic.com/local/placeinfo/women_led_updated_ic_24dp.png","output/photos/00084-thai-away-home-on-granville/001.jpg | output/photos/00084-thai-away-home-on-granville/002.png",""
"85","2026-04-27T04:26:34.863Z","google_maps_ui","The Flying Pig Yaletown","Restaurant","4.3","0","","Closes soon · 10 p.m. · Opens 3 p.m. Mon","1168 Hamilton St, Vancouver, BC V6B 2S2","","","","","(604) 568-1344","http://theflyingpigvan.com/","0","0","https://www.google.com/maps/place/The+Flying+Pig+Yaletown/data=!4m7!3m6!1s0x548673d6ef23ea47:0x12659f9f0c34143f!8m2!3d49.2750232!4d-123.121994!16s%2Fg%2F1hc1qpngj!19sChIJR-oj79ZzhlQRPxQ0DJ-fZRI","1","https://maps.gstatic.com/tactile/basepage/loader_beige_2x.gif","output/photos/00085-the-flying-pig-yaletown/001.jpg",""
"86","2026-04-27T04:26:43.936Z","google_maps_ui","Memphis Blues Barbeque House Restaurant","Barbecue restaurant","4.5","0","","","430 Robson St, Vancouver, BC V6B 2B2","","","","","(604) 682-6220","https://www.memphisbluesbbq.com/","0","0","https://www.google.com/maps/place/Memphis+Blues+Barbeque+House+Restaurant/data=!4m7!3m6!1s0x5486717e65be7a27:0x37680f9009f61fb9!8m2!3d49.2795863!4d-123.1173752!16s%2Fg%2F11b5wj8sqq!19sChIJJ3q-ZX5xhlQRuR_2CZAPaDc","1","https://maps.gstatic.com/tactile/basepage/loader_beige_2x.gif","output/photos/00086-memphis-blues-barbeque-house-restaurant/001.jpg",""
"87","2026-04-27T04:26:52.815Z","google_maps_ui","Onda by Casereccio","Italian restaurant","4.7","0","","Closes soon · 10 p.m. · Opens 7:30 a.m. Mon","1610 Salt St, Vancouver, BC V5Y 0E4","","","","","(604) 829-1610","https://ondayvr.ca/","0","0","https://www.google.com/maps/place/Onda+by+Casereccio/data=!4m7!3m6!1s0x548671001c82cd2d:0x999dceeaaedd51ac!8m2!3d49.2714241!4d-123.1059563!16s%2Fg%2F11yj803y0j!19sChIJLc2CHABxhlQRrFHdrurOnZk","1","https://maps.gstatic.com/tactile/basepage/loader_beige_2x.gif","output/photos/00087-onda-by-casereccio/001.jpg",""
"88","2026-04-27T04:27:01.813Z","google_maps_ui","Phnom Penh Restaurant","Cambodian restaurant","4.4","0","","Closed · Opens 11 a.m. Mon","244 E Georgia St, Vancouver, BC V6A 1Z7","","","","","(604) 682-5777","http://phnompenhrestaurant.ca/","0","0","https://www.google.com/maps/place/Phnom+Penh+Restaurant/data=!4m7!3m6!1s0x5486716fe509c2b3:0x4e43d6ef30d0b5df!8m2!3d49.278418!4d-123.0982304!16s%2Fg%2F1td5lcxj!19sChIJs8IJ5W9xhlQR37XQMO_WQ04","1","https://maps.gstatic.com/tactile/basepage/loader_beige_2x.gif","output/photos/00088-phnom-penh-restaurant/001.jpg",""
"89","2026-04-27T04:27:11.434Z","google_maps_ui","Bodega on Main","Spanish restaurant","4.3","0","","","1014 Main St, Vancouver, BC V6A 2W1","","","","","(604) 565-8815","http://www.bodegaonmain.ca/","0","0","https://www.google.com/maps/place/Bodega+on+Main/data=!4m7!3m6!1s0x54867165a8c8f64f:0x8f6182297030996!8m2!3d49.2754776!4d-123.0997094!16s%2Fg%2F11bwc0jjqp!19sChIJT_bIqGVxhlQRlgkDlyIY9gg","2","https://maps.gstatic.com/tactile/basepage/loader_beige_2x.gif | https://gstatic.com/local/placeinfo/lgbtq_friendly_ic_24dp.png","output/photos/00089-bodega-on-main/001.jpg | output/photos/00089-bodega-on-main/002.png",""
"90","2026-04-27T04:27:20.501Z","google_maps_ui","Fiorino, Italian Street Food Chinatown Vancouver","Restaurant","4.5","0","","Closes soon · 10 p.m. · Opens 11:30 a.m. Mon","212 E Georgia St, Vancouver, BC V6A 1Z7","","","","","(604) 568-0905","http://fiorinovancouver.com/","0","0","https://www.google.com/maps/place/Fiorino,+Italian+Street+Food+Chinatown+Vancouver/data=!4m7!3m6!1s0x548671714bac25f1:0xfaeee28e02e2c060!8m2!3d49.2784583!4d-123.0991914!16s%2Fg%2F11rxhwjfd1!19sChIJ8SWsS3FxhlQRYMDiAo7i7vo","1","https://maps.gstatic.com/tactile/basepage/loader_beige_2x.gif","output/photos/00090-fiorino-italian-street-food-chinatown-vancouver/001.jpg",""
"91","2026-04-27T04:27:30.468Z","google_maps_ui","Behind You","Restaurant","4.9","0","","Closed · Opens 10 a.m. Mon","Chinatown Plaza, 180 Keefer St #108, Vancouver, BC V6A 4E9","","","","","(604) 215-9070","https://www.behindyou-restaurant.com/","0","0","https://www.google.com/maps/place/Behind+You/data=!4m7!3m6!1s0x548671f144a91f2b:0x93f239faec17aabb!8m2!3d49.2791047!4d-123.1007624!16s%2Fg%2F11l6tsmflr!19sChIJKx-pRPFxhlQRu6oX7Po58pM","2","https://maps.gstatic.com/tactile/basepage/loader_beige_2x.gif | https://gstatic.com/local/placeinfo/lgbtq_friendly_ic_24dp.png","output/photos/00091-behind-you/001.jpg | output/photos/00091-behind-you/002.png",""
"92","2026-04-27T04:27:40.500Z","google_maps_ui","Havana Vancouver","Latin American restaurant","4.3","0","","","1212 Commercial Dr, Vancouver, BC V5L 3X4","","","","","(604) 253-9119","http://www.havanavancouver.com/","0","0","https://www.google.com/maps/place/Havana+Vancouver/data=!4m7!3m6!1s0x5486713f0f8ee2cf:0x9606c9f9148255b5!8m2!3d49.2737344!4d-123.0693075!16s%2Fg%2F11btmcc1hp!19sChIJz-KODz9xhlQRtVWCFPnJBpY","2","https://maps.gstatic.com/tactile/basepage/loader_beige_2x.gif | https://gstatic.com/local/placeinfo/lgbtq_friendly_ic_24dp.png","output/photos/00092-havana-vancouver/001.jpg | output/photos/00092-havana-vancouver/002.png",""
"93","2026-04-27T04:27:50.181Z","google_maps_ui","Las Shilas Mexican Street Food Vancouver","Mexican restaurant","4.7","0","","","401 Industrial Ave, Vancouver, BC V6A 2P8","","","","","(778) 874-1668","http://lasshilas.ca/","0","0","https://www.google.com/maps/place/Las+Shilas+Mexican+Street+Food+Vancouver/data=!4m7!3m6!1s0x5485d9f84e40e573:0xc6f1f237cf69468a!8m2!3d49.2700533!4d-123.0958786!16s%2Fg%2F11lzd1mt9p!19sChIJc-VATvjZhVQRikZpzzfy8cY","2","https://maps.gstatic.com/tactile/basepage/loader_beige_2x.gif | https://gstatic.com/local/placeinfo/lgbtq_friendly_ic_24dp.png","output/photos/00093-las-shilas-mexican-street-food-vancouver/001.jpg | output/photos/00093-las-shilas-mexican-street-food-vancouver/002.png",""
"94","2026-04-27T04:27:59.460Z","google_maps_ui","To Dine for Eatery","Restaurant","4.6","0","","","333 Terminal Ave #101, Vancouver, BC V6A 4C1","","","","","(604) 568-7106","https://todineforeatery.zomi.menu/","0","0","https://www.google.com/maps/place/To+Dine+for+Eatery/data=!4m7!3m6!1s0x54867166f50d2e2d:0x5b328b5b57d85934!8m2!3d49.2723052!4d-123.095611!16s%2Fg%2F1hc1vbjpw!19sChIJLS4N9WZxhlQRNFnYV1uLMls","1","https://maps.gstatic.com/tactile/basepage/loader_beige_2x.gif","output/photos/00094-to-dine-for-eatery/001.jpg",""
"95","2026-04-27T04:28:09.415Z","google_maps_ui","Dockside Restaurant","Restaurant","4","0","","Closes soon · 9:45 p.m. · Opens 7:30 a.m. Mon","1253 Johnston St, Vancouver, BC V6H 3R9","","","","","(604) 685-7070","http://www.docksidevancouver.com/","0","0","https://www.google.com/maps/place/Dockside+Restaurant/data=!4m7!3m6!1s0x548673cfa336a23f:0xbb0025dce3bddd49!8m2!3d49.2695074!4d-123.1312771!16s%2Fg%2F1wk6zg7c!19sChIJP6I2o89zhlQRSd2949wlALs","2","https://maps.gstatic.com/tactile/basepage/loader_beige_2x.gif | https://gstatic.com/local/placeinfo/lgbtq_friendly_ic_24dp.png","output/photos/00095-dockside-restaurant/001.jpg | output/photos/00095-dockside-restaurant/002.png",""
"96","2026-04-27T04:28:19.114Z","google_maps_ui","Afghan Horsemen Restaurant","Afghan restaurant","4.5","0","","","1833 Anderson St #202, Vancouver, BC V6H 4E5","","","","","(604) 873-5923","http://www.afghanhorsemen.com/","0","0","https://www.google.com/maps/place/Afghan+Horsemen+Restaurant/data=!4m7!3m6!1s0x548673c92edc50af:0x69b122aef2d2b15!8m2!3d49.2693937!4d-123.1389284!16s%2Fg%2F1tfpzjml!19sChIJr1DcLslzhlQRFSst7yoSmwY","2","https://maps.gstatic.com/tactile/basepage/loader_beige_2x.gif | https://lh3.googleusercontent.com/gps-cs-s/APNQkAGy8YUTySJuR0R3wLbkdfL2dvxHkNrKXnIln-cwAIYV94lUbONME5xw6VUCfKbLZ_lmJOJYXBuXafYj2Q6qY8HrCP1PchvBTg1iLT8KRCqnqXZKTyK2xXuUgOHraW4GeGOKKqkN=w638-h298-k-no","output/photos/00096-afghan-horsemen-restaurant/001.jpg | output/photos/00096-afghan-horsemen-restaurant/002.jpg",""
"97","2026-04-27T04:28:28.231Z","google_maps_ui","Indi Co.@ Club Kitchen","Restaurant","4.8","0","","Closes soon · 9:45 p.m. · Opens 11 a.m. Mon","988 Expo Blvd, Vancouver, BC V6Z 0G2","","","","","","https://order.clubkitchen.ca/menu/indi-co","0","0","https://www.google.com/maps/place/Indi+Co.@+Club+Kitchen/data=!4m7!3m6!1s0x54867325516cc4e7:0x2d53f9de6c83cacc!8m2!3d49.2753611!4d-123.1156317!16s%2Fg%2F11p475v33y!19sChIJ58RsUSVzhlQRzMqDbN75Uy0","1","https://maps.gstatic.com/tactile/basepage/loader_beige_2x.gif","output/photos/00097-indi-co-club-kitchen/001.jpg",""
"98","2026-04-27T04:28:38.015Z","google_maps_ui","Nonna's Cucina ""Italian Street Food""","Italian restaurant","4.7","0","","Closed · Opens 11 a.m. Mon","2166 E Hastings St, Vancouver, BC V5L 0A5","","","","","(604) 423-9200","","0","0","https://www.google.com/maps/place/Nonna%27s+Cucina+%22Italian+Street+Food%22/data=!4m7!3m6!1s0x548671f952ef8671:0x7f543d68054da813!8m2!3d49.2810138!4d-123.0602546!16s%2Fg%2F11q439jb5c!19sChIJcYbvUvlxhlQRE6hNBWg9VH8","2","https://maps.gstatic.com/tactile/basepage/loader_beige_2x.gif | https://lh3.googleusercontent.com/gps-cs-s/APNQkAFrKP_41GsUayyKR2RJJpDHXSwgaaFRmI2CWDprTUt2nzxvPmTTeRYCO572GMipkavH2TY3hl7E6AvVXwi5B9XtMmYIR2u0ih7vh5C98GRx5CQ2_hSCqSKTvQOC6tJdT9G36j8=w735-h298-k-no","output/photos/00098-nonna-s-cucina-italian-street-food/001.jpg | output/photos/00098-nonna-s-cucina-italian-street-food/002.jpg",""
"99","2026-04-27T04:28:47.120Z","google_maps_ui","Romilano Pizza Restaurant Vancouver","Pizza restaurant","4.8","0","","Open · Closes 11 p.m.","1637 Renfrew St, Vancouver, BC V5K 4E1","","","","","(604) 428-9055","http://romilanopizza.com/","0","0","https://www.google.com/maps/place/Romilano+Pizza+Restaurant+Vancouver/data=!4m7!3m6!1s0x54867155b05b49a5:0x5be83995a1ff6642!8m2!3d49.270092!4d-123.0444546!16s%2Fg%2F11sg1t1mbp!19sChIJpUlbsFVxhlQRQmb_oZU56Fs","1","https://maps.gstatic.com/tactile/basepage/loader_beige_2x.gif","output/photos/00099-romilano-pizza-restaurant-vancouver/001.jpg",""
"100","2026-04-27T04:28:55.210Z","google_maps_ui","Erbil Restaurant","Restaurant","4.8","0","","Open 24 hours","1861 Commercial Dr, Vancouver, BC V5N 4A6","","","","","(604) 558-6515","http://erbilrestaurant.ca/","0","0","https://www.google.com/maps/place/Erbil+Restaurant/data=!4m7!3m6!1s0x54867100036565f5:0xeb70be8a9c7d4356!8m2!3d49.2680898!4d-123.0698753!16s%2Fg%2F11x7s8sbmw!19sChIJ9WVlAwBxhlQRVkN9nIq-cOs","0","","",""
"101","2026-04-27T04:29:04.247Z","google_maps_ui","Pax Romana","Tapas bar","4.4","0","","","1670 Commercial Dr, Vancouver, BC V5L 3Y4","","","","","(604) 336-3357","https://paxromana.ca/","0","0","https://www.google.com/maps/place/Pax+Romana/data=!4m7!3m6!1s0x548671cd9febe08b:0x60a2011ced6cf7d!8m2!3d49.2699513!4d-123.0694809!16s%2Fg%2F11y1qw_4rd!19sChIJi-Drn81xhlQRfc_WzhEgCgY","1","https://maps.gstatic.com/tactile/basepage/loader_beige_2x.gif","output/photos/00101-pax-romana/001.jpg",""
"102","2026-04-27T04:29:13.323Z","google_maps_ui","Folietta","Restaurant","4.4","0","","","1480 Nanaimo St, Vancouver, BC V5L 2Z8","","","","","(604) 253-4021","https://www.folietta.com/","0","0","https://www.google.com/maps/place/Folietta/data=!4m7!3m6!1s0x548671f5fa1bf8d7:0x37e0af18e435787b!8m2!3d49.271673!4d-123.0563123!16s%2Fg%2F11wgcx21cr!19sChIJ1_gb-vVxhlQRe3g15Biv4Dc","1","https://maps.gstatic.com/tactile/basepage/loader_beige_2x.gif","output/photos/00102-folietta/001.jpg",""
"103","2026-04-27T04:29:22.248Z","google_maps_ui","Five Sails Restaurant","Restaurant","4.6","0","","","999 Canada Pl, Vancouver, BC V6C 3E1","","","","","(604) 844-2855","https://glowbalgroup.com/five-sails/","0","0","https://www.google.com/maps/place/Five+Sails+Restaurant/data=!4m7!3m6!1s0x54867182daa3cfd7:0xccdb39b490a7af72!8m2!3d49.2877204!4d-123.113231!16s%2Fm%2F04_h_3f!19sChIJ18-j2oJxhlQRcq-nkLQ528w","1","https://maps.gstatic.com/tactile/basepage/loader_beige_2x.gif","output/photos/00103-five-sails-restaurant/001.jpg",""
"104","2026-04-27T04:29:31.201Z","google_maps_ui","Coquette Brasserie","Restaurant","4.7","0","","","2685 Arbutus St, Vancouver, BC V6J 3Y4","","","","","(604) 259-1248","http://brasseriecoquette.ca/","0","0","https://www.google.com/maps/place/Coquette+Brasserie/data=!4m7!3m6!1s0x548673fc4a19194f:0x5859b1fea94b4c88!8m2!3d49.2621576!4d-123.1532061!16s%2Fg%2F11s4bh90bd!19sChIJTxkZSvxzhlQRiExLqf6xWVg","1","https://maps.gstatic.com/tactile/basepage/loader_beige_2x.gif","output/photos/00104-coquette-brasserie/001.jpg",""
"105","2026-04-27T04:29:41.201Z","google_maps_ui","Coast","Restaurant","4.6","0","","","1054 Alberni St, Vancouver, BC V6E 1A3","","","","","(604) 685-5010","https://www.glowbalgroup.com/coast/","0","0","https://www.google.com/maps/place/Coast/data=!4m7!3m6!1s0x5486718052c4c0fd:0x403b5fb55a4b8508!8m2!3d49.2847974!4d-123.1230401!16s%2Fm%2F04_j3cp!19sChIJ_cDEUoBxhlQRCIVLWrVfO0A","3","https://maps.gstatic.com/tactile/basepage/loader_beige_2x.gif | https://gstatic.com/local/placeinfo/lgbtq_friendly_ic_24dp.png | https://gstatic.com/local/placeinfo/women_led_updated_ic_24dp.png","output/photos/00105-coast/001.jpg | output/photos/00105-coast/002.png | output/photos/00105-coast/003.png",""
"106","2026-04-27T04:29:50.155Z","google_maps_ui","Cardero's Restaurant","Seafood restaurant","4.5","0","","Open · Closes 10:30 p.m.","1583 Coal Harbour Quay, Vancouver, BC V6G 3E7","","","","","(604) 669-7666","https://www.vancouverdine.com/carderos/","0","0","https://www.google.com/maps/place/Cardero%27s+Restaurant/data=!4m7!3m6!1s0x548671860ee90539:0xecf76149e9800dc1!8m2!3d49.2916101!4d-123.1274816!16s%2Fg%2F113jd0fkk!19sChIJOQXpDoZxhlQRwQ2A6Ulh9-w","1","https://maps.gstatic.com/tactile/basepage/loader_beige_2x.gif","output/photos/00106-cardero-s-restaurant/001.jpg",""
"107","2026-04-27T04:29:59.972Z","google_maps_ui","Zapoteca","Restaurant","4.7","0","","","3681 W 4th Ave, Vancouver, BC V6R 1P2","","","","","(236) 427-8913","https://www.zapoteca.com/kitsilano","0","0","https://www.google.com/maps/place/Zapoteca/data=!4m7!3m6!1s0x548673f17bbc32c3:0xa79e9b57bf3106b9!8m2!3d49.2688112!4d-123.1852432!16s%2Fg%2F11l1dcynww!19sChIJwzK8e_FzhlQRuQYxv1ebnqc","2","https://maps.gstatic.com/tactile/basepage/loader_beige_2x.gif | https://gstatic.com/local/placeinfo/lgbtq_friendly_ic_24dp.png","output/photos/00107-zapoteca/001.jpg | output/photos/00107-zapoteca/002.png",""
"108","2026-04-27T04:30:08.999Z","google_maps_ui","Napoli Pastas and More","Italian restaurant","4.9","0","","Closed · Opens 12 p.m. Mon","2708 W 4th Ave, Vancouver, BC V6K 3W2","","","","","(604) 732-3727","","0","0","https://www.google.com/maps/place/Napoli+Pastas+and+More/data=!4m7!3m6!1s0x548673f81dc6e36f:0x4d7ba6fc7f6844b7!8m2!3d49.2682124!4d-123.166634!16s%2Fg%2F11x1cfmc64!19sChIJb-PGHfhzhlQRt0Rof_yme00","1","https://maps.gstatic.com/tactile/basepage/loader_beige_2x.gif","output/photos/00108-napoli-pastas-and-more/001.jpg",""
"109","2026-04-27T04:30:19.056Z","google_maps_ui","Miku Vancouver","Sushi restaurant","4.6","0","","","200 Granville St #70, Vancouver, BC V6C 1S4","","","","","(604) 568-3900","http://www.mikurestaurant.com/","0","0","https://www.google.com/maps/place/Miku+Vancouver/data=!4m7!3m6!1s0x54867183bbb82b97:0xc4977021fe4d4a91!8m2!3d49.2870179!4d-123.1130107!16s%2Fg%2F1tdkrhcb!19sChIJlyu4u4NxhlQRkUpN_iFwl8Q","2","https://maps.gstatic.com/tactile/basepage/loader_beige_2x.gif | https://gstatic.com/local/placeinfo/lgbtq_friendly_ic_24dp.png","output/photos/00109-miku-vancouver/001.jpg | output/photos/00109-miku-vancouver/002.png",""
"110","2026-04-27T04:30:28.180Z","google_maps_ui","Petite Bao","Restaurant","4.6","0","","","2825 W Broadway, Vancouver, BC V6K 2G6","","","","","(604) 800-0080","http://www.petitebao.ca/","0","0","https://www.google.com/maps/place/Petite+Bao/data=!4m7!3m6!1s0x5486737254b3ba7f:0xb42af0661f091526!8m2!3d49.2642369!4d-123.1690986!16s%2Fg%2F11sb5djvd_!19sChIJf7qzVHJzhlQRJhUJH2bwKrQ","1","https://maps.gstatic.com/tactile/basepage/loader_beige_2x.gif","output/photos/00110-petite-bao/001.jpg",""
"111","2026-04-27T04:30:37.136Z","google_maps_ui","Carlino Restaurant","Italian restaurant","4.4","0","","Closes soon · 10 p.m. · Opens 7 a.m. Mon","1115 Alberni St #3F, Vancouver, BC V6E 1A5","","","","","(604) 695-1115","http://www.carlinorestaurant.com/","0","0","https://www.google.com/maps/place/Carlino+Restaurant/data=!4m7!3m6!1s0x5486714f7e6a65c3:0x695eb14dfc206980!8m2!3d49.2857158!4d-123.1240693!16s%2Fg%2F11rjs4n4kr!19sChIJw2Vqfk9xhlQRgGkg_E2xXmk","1","https://maps.gstatic.com/tactile/basepage/loader_beige_2x.gif","output/photos/00111-carlino-restaurant/001.jpg",""
"112","2026-04-27T04:30:45.967Z","google_maps_ui","Nostos Taverna","Greek restaurant","4.5","0","","Closes soon · 10:30 p.m. · Opens 4 p.m. Tue","3162 W Broadway, Vancouver, BC V6K 2H3","","","","","(604) 730-9303","https://nostostaverna.com/","0","0","https://www.google.com/maps/place/Nostos+Taverna/data=!4m7!3m6!1s0x548673df46e33519:0xb12bc754b16af7b0!8m2!3d49.2640112!4d-123.1753493!16s%2Fg%2F11pyl5ndmt!19sChIJGTXjRt9zhlQRsPdqsVTHK7E","1","https://maps.gstatic.com/tactile/basepage/loader_beige_2x.gif","output/photos/00112-nostos-taverna/001.jpg",""
"113","2026-04-27T04:30:56.077Z","google_maps_ui","Bacchus Restaurant & Lounge","European restaurant","4.4","0","","Open · Closes 12 a.m.","845 Hornby St, Vancouver, BC V6Z 1V1","","","","","(604) 608-5319","https://wedgewoodhotel.com/dining/bacchus-restaurant/","0","0","https://www.google.com/maps/place/Bacchus+Restaurant+%26+Lounge/data=!4m7!3m6!1s0x5486717ff188ec0b:0xa630a9701b4ea29f!8m2!3d49.282297!4d-123.1225563!16s%2Fg%2F1tk22mmt!19sChIJC-yI8X9xhlQRn6JOG3CpMKY","3","https://maps.gstatic.com/tactile/basepage/loader_beige_2x.gif | https://gstatic.com/local/placeinfo/lgbtq_friendly_ic_24dp.png | https://gstatic.com/local/placeinfo/women_led_updated_ic_24dp.png","output/photos/00113-bacchus-restaurant-lounge/001.jpg | output/photos/00113-bacchus-restaurant-lounge/002.png | output/photos/00113-bacchus-restaurant-lounge/003.png",""
"114","2026-04-27T04:31:05.757Z","google_maps_ui","Okami Sushi - Japanese Restaurant, Bute Street Vancouver BC","Sushi restaurant","4.8","0","","Closed · Opens 12 p.m. Mon","1226 Bute St, Vancouver, BC V6E 1Z8","","","","","(604) 559-6668","https://okamisushi.zomi.menu/","0","0","https://www.google.com/maps/place/Okami+Sushi+-+Japanese+Restaurant,+Bute+Street+Vancouver+BC/data=!4m7!3m6!1s0x548673bf2de0a0f1:0x757d5aed7adc7a94!8m2!3d49.2813915!4d-123.1336479!16s%2Fg%2F11vcl82587!19sChIJ8aDgLb9zhlQRlHrceu1afXU","2","https://maps.gstatic.com/tactile/basepage/loader_beige_2x.gif | https://lh3.googleusercontent.com/gps-cs-s/APNQkAFOJvqvXHhMFVjuA384BPqclpankEkkIDl62zKKv79CNXjz4a-BLQpoubD7mSjF1XdkOyaS6hQTZZNltukg1dtyOnWMLGC_g9fmc937iJO1aiLJPwXux0ToVr-wBdzV2edRtCyCRTtpdAKp=w667-h298-k-no","output/photos/00114-okami-sushi-japanese-restaurant-bute-street-vancouver-bc/001.jpg | output/photos/00114-okami-sushi-japanese-restaurant-bute-street-vancouver-bc/002.jpg",""
"115","2026-04-27T04:31:14.869Z","google_maps_ui","Gurkha Himalayan Kitchen Restaurant","Nepalese restaurant","4.6","0","","","1141 Davie St, Vancouver, BC V6E 1N2","","","","","(604) 565-7965","https://www.gurkha.ca/","0","0","https://www.google.com/maps/place/Gurkha+Himalayan+Kitchen+Restaurant/data=!4m7!3m6!1s0x5486722b686d2a89:0x72d9a70e32938c10!8m2!3d49.2812222!4d-123.13205!16s%2Fg%2F113g1qwyl!19sChIJiSptaCtyhlQREIyTMg6n2XI","1","https://maps.gstatic.com/tactile/basepage/loader_beige_2x.gif","output/photos/00115-gurkha-himalayan-kitchen-restaurant/001.jpg",""
"116","2026-04-27T04:31:24.502Z","google_maps_ui","Chef Ron Restaurant & Bar","Restaurant","4.5","0","","Closed · Opens 11:30 a.m. Mon","1037 Denman St, Vancouver, BC V6G 1P9","","","","","(604) 336-9994","https://anorder.ca/chefron","0","0","https://www.google.com/maps/place/Chef+Ron+Restaurant+%26+Bar/data=!4m7!3m6!1s0x548673b863acf0b9:0xc4b47a46bd519a27!8m2!3d49.2890749!4d-123.1394991!16s%2Fg%2F11swn25rjd!19sChIJufCsY7hzhlQRJ5pRvUZ6tMQ","2","https://maps.gstatic.com/tactile/basepage/loader_beige_2x.gif | https://gstatic.com/local/placeinfo/lgbtq_friendly_ic_24dp.png","output/photos/00116-chef-ron-restaurant-bar/001.jpg | output/photos/00116-chef-ron-restaurant-bar/002.png",""
"117","2026-04-27T04:31:34.290Z","google_maps_ui","España Restaurant","Spanish restaurant","4.4","0","","","1118 Denman St, Vancouver, BC V6G 2M8","","","","","(604) 558-4040","http://www.espanarestaurant.ca/","0","0","https://www.google.com/maps/place/Espa%C3%B1a+Restaurant/data=!4m7!3m6!1s0x54867228a11af471:0xcc524cd13f0f2d32!8m2!3d49.2880552!4d-123.1404115!16s%2Fg%2F1pv5_p56b!19sChIJcfQaoShyhlQRMi0PP9FMUsw","2","https://maps.gstatic.com/tactile/basepage/loader_beige_2x.gif | https://gstatic.com/local/placeinfo/lgbtq_friendly_ic_24dp.png","output/photos/00117-espa-a-restaurant/001.jpg | output/photos/00117-espa-a-restaurant/002.png",""
"118","2026-04-27T04:31:44.380Z","google_maps_ui","Maria's Taverna","Greek restaurant","4.5","0","","Closes soon · 10 p.m. · Opens 11 a.m. Mon","2324 W 4th Ave, Vancouver, BC V6K 1P4","","","","","(604) 731-4722","http://mariason4th.com/","0","0","https://www.google.com/maps/place/Maria%27s+Taverna/data=!4m7!3m6!1s0x548673b39c4864f7:0x50dd58c0337e1d2a!8m2!3d49.268011!4d-123.1580679!16s%2Fg%2F1w0p59wb!19sChIJ92RInLNzhlQRKh1-M8BY3VA","4","https://maps.gstatic.com/tactile/basepage/loader_beige_2x.gif | https://lh3.googleusercontent.com/gps-cs-s/APNQkAF5slY2VD98DZkWWKyWNkOkVrTqpI3ZeqtL6l4VweYkO7djD61YXJ5IQSYMZZ7FU5uhq9BU0yvRvg36BECzqDNnTOWkZ4rDAwuRH6fhU79OBwqhHy9UuQvPI4DIM7D6owL0Iwdr=w727-h240-k-no | https://lh3.googleusercontent.com/gps-cs-s/APNQkAF5slY2VD98DZkWWKyWNkOkVrTqpI3ZeqtL6l4VweYkO7djD61YXJ5IQSYMZZ7FU5uhq9BU0yvRvg36BECzqDNnTOWkZ4rDAwuRH6fhU79OBwqhHy9UuQvPI4DIM7D6owL0Iwdr=w902-h298-k-no | https://lh3.googleusercontent.com/gps-cs-s/APNQkAGbmvgbKhZWiiU8TGRsGM40ZfX9G8NaC9veZ1YbQ0R0YMLC6gMcNRJ5icEZEEVrJ2DUdLTczs3Cy6IsTO8uAEz2cyNHuoNfyBRkVvzGPwIBUai4cqPNzZbfL6RqMz0TsXtmRGHV=w613-h298-k-no","output/photos/00118-maria-s-taverna/001.jpg | output/photos/00118-maria-s-taverna/002.jpg | output/photos/00118-maria-s-taverna/003.jpg | output/photos/00118-maria-s-taverna/004.jpg",""
"119","2026-04-27T04:31:53.217Z","google_maps_ui","La Quercia & L'Ufficio","Italian restaurant","4.6","0","","","3689 W 4th Ave, Vancouver, BC V6R 1P2","","","","","(604) 676-1007","http://laquercia.ca/","0","0","https://www.google.com/maps/place/La+Quercia+%26+L%27Ufficio/data=!4m7!3m6!1s0x548672560e5b85df:0xb2eed88e6b9ad843!8m2!3d49.2687435!4d-123.1854349!16s%2Fg%2F1tgpxwzr!19sChIJ34VbDlZyhlQRQ9iaa47Y7rI","1","https://maps.gstatic.com/tactile/basepage/loader_beige_2x.gif","output/photos/00119-la-quercia-l-ufficio/001.jpg",""
"120","2026-04-27T04:32:01.167Z","google_maps_ui","Thai Ni Yom (Thai Restaurant)","Thai restaurant","4.8","0","","","2953 W 4th Ave Unit 2, Vancouver, BC V6K 4A7","","","","","(604) 736-5474","http://www.thainiyom.ca/","0","0","https://www.google.com/maps/place/Thai+Ni+Yom+%28Thai+Restaurant%29/data=!4m7!3m6!1s0x54867396d9b23a91:0x5a656f8038b09125!8m2!3d49.2685357!4d-123.1706867!16s%2Fg%2F11vjjzxymk!19sChIJkTqy2ZZzhlQRJZGwOIBvZVo","0","","",""
"121","2026-04-27T04:32:11.780Z","google_maps_ui","Sura Korean Royal Cuisine Restaurant Vancouver","Korean restaurant","4.4","0","","","1518 Robson St, Vancouver, BC V6G 1C3","","","","","(604) 687-7872","http://www.surakoreancuisine.com/","0","0","https://www.google.com/maps/place/Sura+Korean+Royal+Cuisine+Restaurant+Vancouver/data=!4m7!3m6!1s0x5486718799fe0e73:0x7db86f8b0f59afc6!8m2!3d49.2888824!4d-123.1316653!16s%2Fg%2F1thw_3nz!19sChIJcw7-mYdxhlQRxq9ZD4tvuH0","3","https://maps.gstatic.com/tactile/basepage/loader_beige_2x.gif | https://gstatic.com/local/placeinfo/lgbtq_friendly_ic_24dp.png | https://lh3.googleusercontent.com/gps-cs-s/APNQkAFJBV-6IPmOIJDDIre3JgqzMWjwcJinyfEACMSAOIsWetP4uIuWQ2hviG1D1wbpu-J83tIGfCHjYrGMWbXFvB1-Ml2UwcggTxVWC14Av07WR7kSp-sDiZO4-6t2fu_DDEI3KtIcPiQtlWQ=w661-h298-k-no","output/photos/00121-sura-korean-royal-cuisine-restaurant-vancouver/001.jpg | output/photos/00121-sura-korean-royal-cuisine-restaurant-vancouver/002.png | output/photos/00121-sura-korean-royal-cuisine-restaurant-vancouver/003.jpg",""
"122","2026-04-27T04:32:20.889Z","google_maps_ui","Di Beppe Restaurant","Italian restaurant","4.4","0","","","8 W Cordova St, Vancouver, BC V6B 1C9","","","","","(604) 559-1122","http://www.dibeppe.com/","0","0","https://www.google.com/maps/place/Di+Beppe+Restaurant/data=!4m7!3m6!1s0x54867170a98e4875:0x5d17ce4261f81cf7!8m2!3d49.2823743!4d-123.1045058!16s%2Fg%2F11gcqj978b!19sChIJdUiOqXBxhlQR9xz4YULOF10","1","https://maps.gstatic.com/tactile/basepage/loader_beige_2x.gif","output/photos/00122-di-beppe-restaurant/001.jpg",""
"123","2026-04-27T04:32:29.781Z","google_maps_ui","The Old Spaghetti Factory (Gastown)","Italian restaurant","4.4","0","","","53 Water St, Vancouver, BC V6B 1A1","","","","","(604) 684-1288","http://www.oldspaghettifactory.ca/locations/gastown","0","0","https://www.google.com/maps/place/The+Old+Spaghetti+Factory+%28Gastown%29/data=!4m7!3m6!1s0x5486717742d60513:0xad2eb316a6b8ac44!8m2!3d49.2838482!4d-123.1053291!16s%2Fg%2F1th282hq!19sChIJEwXWQndxhlQRRKy4phazLq0","1","https://maps.gstatic.com/tactile/basepage/loader_beige_2x.gif","output/photos/00123-the-old-spaghetti-factory-gastown/001.jpg",""
"124","2026-04-27T04:32:40.029Z","google_maps_ui","Pourhouse Restaurant","Restaurant","4.4","0","","Open · Closes 12 a.m.","162 Water St, Vancouver, BC V6B 1B2","","","","","(604) 568-7022","https://www.pourhousevancouver.com/","0","0","https://www.google.com/maps/place/Pourhouse+Restaurant/data=!4m7!3m6!1s0x54867179ce007007:0x35f90582cb57279e!8m2!3d49.2840775!4d-123.1083818!16s%2Fg%2F1vv2ryfl!19sChIJB3AAznlxhlQRnidXy4IF-TU","3","https://maps.gstatic.com/tactile/basepage/loader_beige_2x.gif | https://encrypted-tbn0.gstatic.com/images?q=tbn:ANd9GcQzi-wK-8cNjLyUi4q7xs5ipGtyVMziNPDOODSnY8G8Idk&s=4 | https://gstatic.com/local/placeinfo/lgbtq_friendly_ic_24dp.png","output/photos/00124-pourhouse-restaurant/001.jpg | output/photos/00124-pourhouse-restaurant/002.jpg | output/photos/00124-pourhouse-restaurant/003.png",""
"125","2026-04-27T04:32:50.250Z","google_maps_ui","JOEY Burrard","Restaurant","4.7","0","","","820 Burrard St, Vancouver, BC V6Z 1X9","","","","","(604) 683-5639","https://joeyrestaurants.com/location/joey-burrard","0","0","https://www.google.com/maps/place/JOEY+Burrard/data=!4m7!3m6!1s0x5486718018c3ccc7:0xa4fb9aa18d85e353!8m2!3d49.282606!4d-123.1231879!16s%2Fg%2F1wn_5t6d!19sChIJx8zDGIBxhlQRU-OFjaGa-6Q","4","https://maps.gstatic.com/tactile/basepage/loader_beige_2x.gif | https://lh3.googleusercontent.com/gps-cs-s/APNQkAH_YxsRK7NzflYpIVFLD2BAyg2HW_NGsth0Sx6ibn5dlKFN1SEU4guZLEH1T6A194uJiz8YrJuQlTtE1drkSKwr2GKYYGXDw_Qi74bBAy4F9GS_Q6nNfpr6YMRRjWdKXwmq4h0=w629-h240-k-no | https://lh3.googleusercontent.com/gps-cs-s/APNQkAH_YxsRK7NzflYpIVFLD2BAyg2HW_NGsth0Sx6ibn5dlKFN1SEU4guZLEH1T6A194uJiz8YrJuQlTtE1drkSKwr2GKYYGXDw_Qi74bBAy4F9GS_Q6nNfpr6YMRRjWdKXwmq4h0=w781-h298-k-no | https://lh3.googleusercontent.com/gps-cs-s/APNQkAFLF3nsx4-g3QMrhlWYmJ8uXp_Bl_cla0206uRjyBbCTl4kfRsKlzUw6BzBkKptGQ3g42sVvynEZJKqApPu75_VnWqD7hr6I-hKwbHU68J-5TYa9huGj0vyjS5xQmKhVBXMaTaBydfZdIwa=w645-h298-k-no","output/photos/00125-joey-burrard/001.jpg | output/photos/00125-joey-burrard/002.jpg | output/photos/00125-joey-burrard/003.jpg | output/photos/00125-joey-burrard/004.jpg",""
"126","2026-04-27T04:32:59.242Z","google_maps_ui","Nightingale","Canadian restaurant","4.5","0","","Open · Closes 11 p.m.","1017 W Hastings St, Vancouver, BC V6C 2G6","","","","","(604) 695-9500","http://hawknightingale.com/","0","0","https://www.google.com/maps/place/Nightingale/data=!4m7!3m6!1s0x5486718252dfd80f:0x581000e98d6c9fd9!8m2!3d49.2873977!4d-123.1174751!16s%2Fg%2F11cn6cj97z!19sChIJD9jfUoJxhlQR2Z9sjekAEFg","1","https://maps.gstatic.com/tactile/basepage/loader_beige_2x.gif","output/photos/00126-nightingale/001.jpg",""
"127","2026-04-27T04:33:08.305Z","google_maps_ui","Central Restaurants - Vancouver Bentall","Restaurant","4.8","0","","","555 Burrard St, Vancouver, BC V7X 1M5","","","","","(236) 521-0576","https://centralrestaurants.ca/locations/vancouver-bentall","0","0","https://www.google.com/maps/place/Central+Restaurants+-+Vancouver+Bentall/data=!4m7!3m6!1s0x548671b4ee3664ef:0x1901c35f2d888715!8m2!3d49.2863681!4d-123.1190724!16s%2Fg%2F11y6nry1gh!19sChIJ72Q27rRxhlQRFYeILV_DARk","1","https://maps.gstatic.com/tactile/basepage/loader_beige_2x.gif","output/photos/00127-central-restaurants-vancouver-bentall/001.jpg",""
"128","2026-04-27T04:33:18.068Z","google_maps_ui","Glowbal","Restaurant","4.6","0","","","590 W Georgia St, Vancouver, BC V6E 1A3","","","","","(604) 602-0835","https://glowbalgroup.com/glowbal/","0","0","https://www.google.com/maps/place/Glowbal/data=!4m7!3m6!1s0x5486717ee11eced7:0x16340f11e1e0912!8m2!3d49.2815314!4d-123.1173984!16s%2Fg%2F11bv_dgg9_!19sChIJ184e4X5xhlQREgkeHvFAYwE","2","https://maps.gstatic.com/tactile/basepage/loader_beige_2x.gif | https://gstatic.com/local/placeinfo/lgbtq_friendly_ic_24dp.png","output/photos/00128-glowbal/001.jpg | output/photos/00128-glowbal/002.png",""
"129","2026-04-27T04:33:27.603Z","google_maps_ui","Earls Kitchen + Bar","Restaurant","4.6","0","","","905 Hornby St, Vancouver, BC V6Z 1V3","","","","","(604) 682-6700","https://www.earls.ca/locations/test-kitchen","0","0","https://www.google.com/maps/place/Earls+Kitchen+%2B+Bar/data=!4m7!3m6!1s0x5486717fe294ef0d:0x35fa0ca785fee1d!8m2!3d49.2815372!4d-123.123683!16s%2Fg%2F1tkqzz5p!19sChIJDe-U4n9xhlQRHe5feMqgXwM","2","https://maps.gstatic.com/tactile/basepage/loader_beige_2x.gif | https://lh3.googleusercontent.com/gps-cs-s/APNQkAHlr7moVfgexmCo1V0QukzGZVse6RPv4GWO8Li8ecqX-E0Waw_DeJ9aGC0D989tkofGvvgrCbgKnuu9hZCK4k-GBvPsgSa52SY3iZcKwFUnxN8hJ8TatuTAgCOuLNoopqje6W8B=w638-h298-k-no","output/photos/00129-earls-kitchen-bar/001.jpg | output/photos/00129-earls-kitchen-bar/002.jpg",""
"130","2026-04-27T04:33:36.732Z","google_maps_ui","SOCIAL CORNER COAL HARBOUR","Restaurant","4.7","0","","Open · Closes 11 p.m.","1050 W Cordova St, Vancouver, BC V6E 2E9","","","","","(604) 336-8656","http://socialcorner.com/","0","0","https://www.google.com/maps/place/SOCIAL+CORNER+COAL+HARBOUR/data=!4m7!3m6!1s0x548671d0a66eb559:0x7d917e2a25e64219!8m2!3d49.2878482!4d-123.1181563!16s%2Fg%2F11w_vz62b0!19sChIJWbVuptBxhlQRGULmJSp-kX0","1","https://maps.gstatic.com/tactile/basepage/loader_beige_2x.gif","output/photos/00130-social-corner-coal-harbour/001.jpg",""
"131","2026-04-27T04:33:46.666Z","google_maps_ui","Ask For Luigi Restaurant","Italian restaurant","4.6","0","","","305 Alexander St, Vancouver, BC V6A 1C4","","","","","(604) 428-2544","http://www.askforluigi.com/","0","0","https://www.google.com/maps/place/Ask+For+Luigi+Restaurant/data=!4m7!3m6!1s0x5486717157cbe57b:0x3375dad20561f4a7!8m2!3d49.284201!4d-123.0977241!16s%2Fg%2F1yh9trlsw!19sChIJe-XLV3FxhlQRp_RhBdLadTM","2","https://maps.gstatic.com/tactile/basepage/loader_beige_2x.gif | https://lh3.googleusercontent.com/gps-cs-s/APNQkAFfDaRoePl9rIJr1ItHHnIu8ZActdpBcGbi0LqPNCqOFJ3WGLI4p4mZs0AUlrConm7j4PSFpGWFroqoJfiKg9AB4bOsmMNe0TqoOLs4Se6M96nR-hT-5vNxeJd1PRc9tEjsDCzplA=w750-h298-k-no","output/photos/00131-ask-for-luigi-restaurant/001.jpg | output/photos/00131-ask-for-luigi-restaurant/002.jpg",""
"132","2026-04-27T04:33:56.479Z","google_maps_ui","Cactus Club Cafe","Restaurant","4.4","0","","","1085 Canada Pl, Vancouver, BC V6C 0C3","","","","","(778) 924-8899","https://www.cactusclubcafe.com/locations/coal-harbour/","0","0","https://www.google.com/maps/place/Cactus+Club+Cafe/data=!4m7!3m6!1s0x548671837ce7e7f5:0x60248a028fed8b2a!8m2!3d49.2895929!4d-123.1181771!16s%2Fg%2F12cp70rzg!19sChIJ9efnfINxhlQRKovtjwKKJGA","2","https://maps.gstatic.com/tactile/basepage/loader_beige_2x.gif | https://gstatic.com/local/placeinfo/lgbtq_friendly_ic_24dp.png","output/photos/00132-cactus-club-cafe/001.jpg | output/photos/00132-cactus-club-cafe/002.png",""
"133","2026-04-27T04:34:05.928Z","google_maps_ui","Lavantine Restaurant & Skybar","Restaurant","4.6","0","","","833 W Pender St, Vancouver, BC V6C 1K7","","","","","(604) 416-2855","https://lavantine.ca/","0","0","https://www.google.com/maps/place/Lavantine+Restaurant+%26+Skybar/data=!4m7!3m6!1s0x548671826bedc933:0x4919b6ad7974f572!8m2!3d49.2857792!4d-123.1163804!16s%2Fg%2F11ldx5ft8l!19sChIJM8nta4JxhlQRcvV0ea22GUk","2","https://maps.gstatic.com/tactile/basepage/loader_beige_2x.gif | https://gstatic.com/local/placeinfo/women_led_updated_ic_24dp.png","output/photos/00133-lavantine-restaurant-skybar/001.jpg | output/photos/00133-lavantine-restaurant-skybar/002.png",""
"134","2026-04-27T04:34:14.811Z","google_maps_ui","Dahlia","Modern French restaurant","4.6","0","","Closed · Opens 7 a.m. Mon","833 W Pender St, Vancouver, BC V6C 1K7","","","","","(604) 416-2845","https://dahlia-restaurant.ca/","0","0","https://www.google.com/maps/place/Dahlia/data=!4m7!3m6!1s0x548671826bedc933:0xaf8f2d15afc2446c!8m2!3d49.2857792!4d-123.1163804!16s%2Fg%2F11l2pzq7qg!19sChIJM8nta4JxhlQRbETCrxUtj68","1","https://maps.gstatic.com/tactile/basepage/loader_beige_2x.gif","output/photos/00134-dahlia/001.jpg",""
"135","2026-04-27T04:34:24.614Z","google_maps_ui","Italian Kitchen","Restaurant","4.5","0","","","860 Burrard St, Vancouver, BC V6Z 1X9","","","","","(604) 687-2858","https://www.glowbalgroup.com/italiankitchen/","0","0","https://www.google.com/maps/place/Italian+Kitchen/data=!4m7!3m6!1s0x54867181b46817c5:0x1a92d1bc7bc5b063!8m2!3d49.2825272!4d-123.123559!16s%2Fm%2F04_6qpt!19sChIJxRdotIFxhlQRY7DFe7zRkho","2","https://maps.gstatic.com/tactile/basepage/loader_beige_2x.gif | https://gstatic.com/local/placeinfo/lgbtq_friendly_ic_24dp.png","output/photos/00135-italian-kitchen/001.jpg | output/photos/00135-italian-kitchen/002.png",""
"136","2026-04-27T04:34:33.728Z","google_maps_ui","St. Lawrence Restaurant","Haute French restaurant","4.6","0","","Closes soon · 10:30 p.m. · Opens 5 p.m. Tue","269 Powell St, Vancouver, BC V6A 1G3","","","","","(604) 620-3800","http://www.stlawrencerestaurant.com/","0","0","https://www.google.com/maps/place/St.+Lawrence+Restaurant/data=!4m7!3m6!1s0x5486717169f0df97:0x271e28ac94ba1a6c!8m2!3d49.2833146!4d-123.0979889!16s%2Fg%2F11c6vj07gs!19sChIJl9_waXFxhlQRbBq6lKwoHic","1","https://maps.gstatic.com/tactile/basepage/loader_beige_2x.gif","output/photos/00136-st-lawrence-restaurant/001.jpg",""
"137","2026-04-27T04:34:44.129Z","google_maps_ui","Stock & Supply","Restaurant","4.6","0","","","550 W Hastings St, Vancouver, BC V6B 1L6","","","","","(604) 899-3049","https://stockandsupplyvancouver.com/","0","0","https://www.google.com/maps/place/Stock+%26+Supply/data=!4m7!3m6!1s0x5486716f5da6fab1:0xc283e5e283e83bd3!8m2!3d49.2842411!4d-123.1125785!16s%2Fg%2F11j53h4ncc!19sChIJsfqmXW9xhlQR0zvog-Llg8I","3","https://maps.gstatic.com/tactile/basepage/loader_beige_2x.gif | https://gstatic.com/local/placeinfo/lgbtq_friendly_ic_24dp.png | https://lh3.googleusercontent.com/gps-cs-s/APNQkAFVYqFSSbdoeyexr4eKfxB7gOFb96UXh18E4CCG6p13MUG_EZwxdssb1CUTaN_NMCUBjqcry545GqSclEjixzkTe3gMEwssRQBKpdura3WcGt8rxBE68PJtGUJ4P55rSqIa_BVj0gRu_CkM=w638-h298-k-no","output/photos/00137-stock-supply/001.jpg | output/photos/00137-stock-supply/002.png | output/photos/00137-stock-supply/003.jpg",""
"138","2026-04-27T04:34:53.594Z","google_maps_ui","Botanist","Restaurant","4.6","0","","","1038 Canada Pl, Vancouver, BC V6C 0B9","","","","","(604) 695-5500","https://www.botanistrestaurant.com/?utm_source=google+Maps&utm_medium=seo+maps&utm_campaign=seo+maps","0","0","https://www.google.com/maps/place/Botanist/data=!4m7!3m6!1s0x54867183094e8525:0x8e02be43bea945ae!8m2!3d49.2882901!4d-123.116555!16s%2Fg%2F11dxrx07ql!19sChIJJYVOCYNxhlQRrkWpvkO-Ao4","2","https://maps.gstatic.com/tactile/basepage/loader_beige_2x.gif | https://gstatic.com/local/placeinfo/lgbtq_friendly_ic_24dp.png","output/photos/00138-botanist/001.jpg | output/photos/00138-botanist/002.png",""
"139","2026-04-27T04:35:02.605Z","google_maps_ui","Super Chef Grill","Asian restaurant","4.8","0","","Closed · Opens 11 a.m. Mon","280 Robson St, Vancouver, BC V6B 0E7","","","","","(604) 681-7189","","0","0","https://www.google.com/maps/place/Super+Chef+Grill/data=!4m7!3m6!1s0x5486717dd2048f21:0xad60f617b66aab46!8m2!3d49.278552!4d-123.1157328!16s%2Fg%2F1tfvgxhl!19sChIJIY8E0n1xhlQRRqtqthf2YK0","1","https://maps.gstatic.com/tactile/basepage/loader_beige_2x.gif","output/photos/00139-super-chef-grill/001.jpg",""
"140","2026-04-27T04:35:12.318Z","google_maps_ui","The Sequel - Kitchen & Bar","Restaurant","4.7","0","","","1575 W Georgia St, Vancouver, BC V6G 2T1","","","","","(604) 336-3036","https://thesequel.ca/","0","0","https://www.google.com/maps/place/The+Sequel+-+Kitchen+%26+Bar/data=!4m7!3m6!1s0x5486718636b0069d:0xb5a3931cf5f9a22e!8m2!3d49.2905367!4d-123.1299861!16s%2Fg%2F11y9q9jbws!19sChIJnQawNoZxhlQRLqL59RyTo7U","2","https://maps.gstatic.com/tactile/basepage/loader_beige_2x.gif | https://gstatic.com/local/placeinfo/lgbtq_friendly_ic_24dp.png","output/photos/00140-the-sequel-kitchen-bar/001.jpg | output/photos/00140-the-sequel-kitchen-bar/002.png",""
"141","2026-04-27T04:35:21.337Z","google_maps_ui","LOCAL Public Eatery Gastown","Restaurant","4.5","0","","","3 Alexander St, Vancouver, BC V6A 1B2","","","","","(778) 737-4277","https://localpubliceatery.com/neighbourhoods/gastown/","0","0","https://www.google.com/maps/place/LOCAL+Public+Eatery+Gastown/data=!4m7!3m6!1s0x548673d9d96896b5:0x816560eff8405dcb!8m2!3d49.2836516!4d-123.103954!16s%2Fg%2F11h9r9sk4_!19sChIJtZZo2dlzhlQRy11A-O9gZYE","1","https://maps.gstatic.com/tactile/basepage/loader_beige_2x.gif","output/photos/00141-local-public-eatery-gastown/001.jpg",""
"142","2026-04-27T04:35:30.424Z","google_maps_ui","Dachi Restaurant and Natural Wine","Restaurant","4.6","0","","Closes soon · 10 p.m. · Opens 4 p.m. Tue","2297 E Hastings St, Vancouver, BC V5L 1V3","","","","","(604) 569-0456","http://www.dachivancouver.com/","0","0","https://www.google.com/maps/place/Dachi+Restaurant+and+Natural+Wine/data=!4m7!3m6!1s0x548671050f1b709d:0x1c7d6cf7a4c6d7f!8m2!3d49.281388!4d-123.0580444!16s%2Fg%2F11gxsgttgg!19sChIJnXAbDwVxhlQRf21Mes_WxwE","1","https://maps.gstatic.com/tactile/basepage/loader_beige_2x.gif","output/photos/00142-dachi-restaurant-and-natural-wine/001.jpg",""
"143","2026-04-27T04:35:40.409Z","google_maps_ui","Kozak Ukrainian Restaurant","Ukrainian restaurant","4.7","0","","","1 W Cordova St, Vancouver, BC V6C 3N8","","","","","(778) 955-9135","http://kozakeatery.ca/","0","0","https://www.google.com/maps/place/Kozak+Ukrainian+Restaurant/data=!4m7!3m6!1s0x5486719345d2458f:0x7f16a5982a0ee698!8m2!3d49.2827218!4d-123.1046125!16s%2Fg%2F11nxv5kpwv!19sChIJj0XSRZNxhlQRmOYOKpilFn8","2","https://maps.gstatic.com/tactile/basepage/loader_beige_2x.gif | https://gstatic.com/local/placeinfo/lgbtq_friendly_ic_24dp.png","output/photos/00143-kozak-ukrainian-restaurant/001.jpg | output/photos/00143-kozak-ukrainian-restaurant/002.png",""
"144","2026-04-27T04:35:49.334Z","google_maps_ui","Saan Saan Cafe and Restaurant","Restaurant","4.9","0","","Closed · Opens 10 a.m. Fri","227 Main St, Vancouver, BC V6A 2S7","","","","","","http://saansaan.ca/","0","0","https://www.google.com/maps/place/Saan+Saan+Cafe+and+Restaurant/data=!4m7!3m6!1s0x548671e834b7246d:0xd9fa2c5c78f72cd!8m2!3d49.2827013!4d-123.0998162!16s%2Fg%2F11s5n3vftx!19sChIJbSS3NOhxhlQRzXKPx8Winw0","1","https://maps.gstatic.com/tactile/basepage/loader_beige_2x.gif","output/photos/00144-saan-saan-cafe-and-restaurant/001.jpg",""
"145","2026-04-27T04:35:59.196Z","google_maps_ui","Hawksworth Restaurant","Pacific Northwest restaurant (Canada)","4.3","0","","Closes soon · 10 p.m. · Opens 11:30 a.m. Mon","801 W Georgia St, Vancouver, BC V6C 1P7","","","","","(604) 673-7000","https://hawksworthrestaurant.com/","0","0","https://www.google.com/maps/place/Hawksworth+Restaurant/data=!4m7!3m6!1s0x54867486f2c00049:0x8c4bde51dd6781fc!8m2!3d49.2834361!4d-123.1192058!16s%2Fm%2F0j_1bwt!19sChIJSQDA8oZ0hlQR_IFn3VHeS4w","2","https://maps.gstatic.com/tactile/basepage/loader_beige_2x.gif | https://gstatic.com/local/placeinfo/lgbtq_friendly_ic_24dp.png","output/photos/00145-hawksworth-restaurant/001.jpg | output/photos/00145-hawksworth-restaurant/002.png",""
"146","2026-04-27T04:36:08.282Z","google_maps_ui","Himalayan Momo Restaurant and Bar","Restaurant","4.9","0","","","622 W Pender St, Vancouver, BC V6B 1V8","","","","","(604) 336-6220","http://himalayanvancouver.ca/","0","0","https://www.google.com/maps/place/Himalayan+Momo+Restaurant+and+Bar/data=!4m7!3m6!1s0x54867159f7484923:0x9092d592f40a3451!8m2!3d49.2841509!4d-123.1144276!16s%2Fg%2F11mlrspqm6!19sChIJI0lI91lxhlQRUTQK9JLVkpA","1","https://maps.gstatic.com/tactile/basepage/loader_beige_2x.gif","output/photos/00146-himalayan-momo-restaurant-and-bar/001.jpg",""
"147","2026-04-27T04:36:17.179Z","google_maps_ui","Petrichor French Farmhouse Restaurant","French restaurant","4.7","0","","","216 Abbott St, Vancouver, BC V6B 2K8","","","","","(604) 669-0033","https://www.petrichorsocial.com/","0","0","https://www.google.com/maps/place/Petrichor+French+Farmhouse+Restaurant/data=!4m7!3m6!1s0x5486714b58516b6f:0xa5257a6efc138883!8m2!3d49.2834427!4d-123.1064141!16s%2Fg%2F11lcs59vqk!19sChIJb2tRWEtxhlQRg4gT_G56JaU","1","https://maps.gstatic.com/tactile/basepage/loader_beige_2x.gif","output/photos/00147-petrichor-french-farmhouse-restaurant/001.jpg",""
"148","2026-04-27T04:36:26.114Z","google_maps_ui","Little Japan Restaurant","Japanese restaurant","4.8","0","","Closed · Opens 10 a.m. Mon","555 W Hastings St, Vancouver, BC V6B 1M1","","","","","(604) 687-5722","","0","0","https://www.google.com/maps/place/Little+Japan+Restaurant/data=!4m7!3m6!1s0x5486717860aced7d:0x12abb14eebc0b851!8m2!3d49.2847563!4d-123.1121505!16s%2Fg%2F1vcl3g4w!19sChIJfe2sYHhxhlQRUbjA606xqxI","1","https://maps.gstatic.com/tactile/basepage/loader_beige_2x.gif","output/photos/00148-little-japan-restaurant/001.jpg",""
"149","2026-04-27T04:36:34.911Z","google_maps_ui","Nook","Italian restaurant","4.5","0","","Open · Closes 11 p.m.","781 Denman St, Vancouver, BC V6G 3E4","","","","","(604) 568-4554","http://nookrestaurants.com/","0","0","https://www.google.com/maps/place/Nook/data=!4m7!3m6!1s0x5486718839387d59:0x9791ea9d6b2e3fae!8m2!3d49.2917687!4d-123.1353647!16s%2Fg%2F1tcxjg8m!19sChIJWX04OYhxhlQRrj8ua53qkZc","1","https://maps.gstatic.com/tactile/basepage/loader_beige_2x.gif","output/photos/00149-nook/001.jpg",""
"150","2026-04-27T04:36:44.086Z","google_maps_ui","Frying Pan on Denman","Canadian restaurant","4.7","0","","","1101 Denman St, Vancouver, BC V6B 1C9","","","","","(236) 466-0261","http://thefryingpan604.com/","0","0","https://www.google.com/maps/place/Frying+Pan+on+Denman/data=!4m7!3m6!1s0x5486718f9b360067:0x9d42dca4d97165d5!8m2!3d49.2883562!4d-123.1404374!16s%2Fg%2F11qntr_6fj!19sChIJZwA2m49xhlQR1WVx2aTcQp0","1","https://maps.gstatic.com/tactile/basepage/loader_beige_2x.gif","output/photos/00150-frying-pan-on-denman/001.jpg",""
"151","2026-04-27T04:36:53.749Z","google_maps_ui","Rogue Kitchen & Wetbar","Restaurant","4.1","0","","Open · Closes 11 p.m.","601 W Cordova St, Vancouver, BC V6B 1E1","","","","","(604) 678-8000","http://www.roguewetbar.com/","0","0","https://www.google.com/maps/place/Rogue+Kitchen+%26+Wetbar/data=!4m7!3m6!1s0x548671787375fb21:0xc3dda2ab2839d9f0!8m2!3d49.2853348!4d-123.1114376!16s%2Fg%2F1tfsbjky!19sChIJIft1c3hxhlQR8Nk5KKui3cM","2","https://maps.gstatic.com/tactile/basepage/loader_beige_2x.gif | https://lh3.googleusercontent.com/gps-cs-s/APNQkAG5xSC9PAYLfERT1JxTDhDKGd8xeZe9jGFJYlPemr7b-lK1gBMVKzTAXp9Z9mQuY4xYFaR5GBKGuAbtHGakxccvTbiekvql-nUWDUU1r2S9urPViCYbqKg32nVXuNkzw5z5oUUh=w662-h298-k-no","output/photos/00151-rogue-kitchen-wetbar/001.jpg | output/photos/00151-rogue-kitchen-wetbar/002.jpg",""
"152","2026-04-27T04:37:03.583Z","google_maps_ui","VanSuya Restaurant & Lounge- DOWNTOWN","Restaurant","4.8","0","","","185 Keefer St, Vancouver, BC V6A 0C8","","","","","(236) 863-4161","https://www.vansuya.com/","0","0","https://www.google.com/maps/place/VanSuya+Restaurant+%26+Lounge-+DOWNTOWN/data=!4m7!3m6!1s0x54867141c1cf9f59:0x85b18628ab362d6d!8m2!3d49.279652!4d-123.1002715!16s%2Fg%2F11z03vb6qh!19sChIJWZ_PwUFxhlQRbS02qyiGsYU","2","https://maps.gstatic.com/tactile/basepage/loader_beige_2x.gif | https://gstatic.com/local/placeinfo/lgbtq_friendly_ic_24dp.png","output/photos/00152-vansuya-restaurant-lounge-downtown/001.jpg | output/photos/00152-vansuya-restaurant-lounge-downtown/002.png",""
"153","2026-04-27T04:37:12.533Z","google_maps_ui","Pho You Vietnamese Restaurant","Vietnamese restaurant","4.8","0","","Open · Closes 11 p.m.","2526 E Hastings St, Vancouver, BC V5K 1Z3","","","","","(236) 999-1633","https://phoyou.zomi.menu/","0","0","https://www.google.com/maps/place/Pho+You+Vietnamese+Restaurant/data=!4m7!3m6!1s0x5486712629051645:0x770194751abd1612!8m2!3d49.2810287!4d-123.0536913!16s%2Fg%2F11xmzz9l7q!19sChIJRRYFKSZxhlQREha9GnWUAXc","1","https://maps.gstatic.com/tactile/basepage/loader_beige_2x.gif","output/photos/00153-pho-you-vietnamese-restaurant/001.jpg",""
"154","2026-04-27T04:37:22.174Z","google_maps_ui","Miraas Restaurant & Bar (Vancouver Downtown)","Restaurant","4.9","0","","","961 Denman St, Vancouver, BC V6G 2M3","","","","","(778) 918-8085","https://www.miraasrestaurant.com/","0","0","https://www.google.com/maps/place/Miraas+Restaurant+%26+Bar+%28Vancouver+Downtown%29/data=!4m7!3m6!1s0x5486736fd4ac5d97:0x7d412ed720d4ad69!8m2!3d49.2899103!4d-123.1380862!16s%2Fg%2F11yqt4nrdc!19sChIJl12s1G9zhlQRaa3UINcuQX0","2","https://maps.gstatic.com/tactile/basepage/loader_beige_2x.gif | https://gstatic.com/local/placeinfo/lgbtq_friendly_ic_24dp.png","output/photos/00154-miraas-restaurant-bar-vancouver-downtown/001.jpg | output/photos/00154-miraas-restaurant-bar-vancouver-downtown/002.png",""
"155","2026-04-27T04:37:31.043Z","google_maps_ui","BC MoMo Restaurant & Bar","Restaurant","4.9","0","","Open · Closes 11 p.m.","678 Seymour St, Vancouver, BC V6B 3K6","","","","","(604) 806-0363","https://www.bcmomo.ca/","0","0","https://www.google.com/maps/place/BC+MoMo+Restaurant+%26+Bar/data=!4m7!3m6!1s0x5486710806b8b905:0x62442c2ea190f595!8m2!3d49.2820833!4d-123.1165378!16s%2Fg%2F11mdj1bprs!19sChIJBbm4BghxhlQRlfWQoS4sRGI","1","https://maps.gstatic.com/tactile/basepage/loader_beige_2x.gif","output/photos/00155-bc-momo-restaurant-bar/001.jpg",""
"156","2026-04-27T04:37:40.889Z","google_maps_ui","Diba Restaurant","Restaurant","4.8","0","","Closes soon · 10 p.m. · Opens 11:30 a.m. Mon","1795 Pendrell St, Vancouver, BC V6G 2M8","","","","","(604) 365-7973","http://diba.restaurant/","0","0","https://www.google.com/maps/place/Diba+Restaurant/data=!4m7!3m6!1s0x548673943c0acb79:0x17b5de175c22f520!8m2!3d49.2879426!4d-123.1404572!16s%2Fg%2F11m5k5drmm!19sChIJecsKPJRzhlQRIPUiXBfetRc","2","https://maps.gstatic.com/tactile/basepage/loader_beige_2x.gif | https://gstatic.com/local/placeinfo/lgbtq_friendly_ic_24dp.png","output/photos/00156-diba-restaurant/001.jpg | output/photos/00156-diba-restaurant/002.png",""
"157","2026-04-27T04:37:49.241Z","google_maps_ui","JOEY Shipyards","Restaurant","4.8","0","","Open · Closes 12 a.m.","125 Victory Ship Way Unit #110, North Vancouver, BC V7L 0B9","","","","","(604) 343-2649","https://joeyrestaurants.com/location/joey-shipyards","0","0","https://www.google.com/maps/place/JOEY+Shipyards/data=!4m7!3m6!1s0x548671e747a8705b:0xaaf02f9bd527580d!8m2!3d49.3095552!4d-123.0789362!16s%2Fg%2F11j1g3tpw3!19sChIJW3CoR-dxhlQRDVgn1Zsv8Ko","0","","",""
"158","2026-04-27T04:37:59.814Z","google_maps_ui","Kitchen Craft Eatery","Restaurant","4.7","0","","","150 Esplanade W #210, North Vancouver, BC V7M 3H9","","","","","(604) 990-1121","http://kitchencraft.net/","0","0","https://www.google.com/maps/place/Kitchen+Craft+Eatery/data=!4m7!3m6!1s0x5486716e86b38903:0x401b742271d8ba4b!8m2!3d49.3119947!4d-123.081219!16s%2Fg%2F11ll9fj3kq!19sChIJA4mzhm5xhlQRS7rYcSJ0G0A","4","https://maps.gstatic.com/tactile/basepage/loader_beige_2x.gif | https://gstatic.com/local/placeinfo/lgbtq_friendly_ic_24dp.png | https://gstatic.com/local/placeinfo/women_led_updated_ic_24dp.png | https://lh3.googleusercontent.com/gps-cs-s/APNQkAFUgSMm2_maw22vSYMwYMvp5XIcBm9I3kfX-s0rex6ScC5qQu2Vec8d4weEtUCx4DplvMLOkOIOmAA9rRTooMXFL32equ68l_xC2BKju8smwaWMlw33vUmhxjgqWPHCyTgxMpK4=w899-h298-k-no","output/photos/00158-kitchen-craft-eatery/001.jpg | output/photos/00158-kitchen-craft-eatery/002.png | output/photos/00158-kitchen-craft-eatery/003.png | output/photos/00158-kitchen-craft-eatery/004.jpg",""
"159","2026-04-27T04:38:09.642Z","google_maps_ui","Tap & Barrel • Shipyards","Restaurant","4.3","0","","","8 Lonsdale Ave, North Vancouver, BC V7L 0B2","","","","","(604) 638-2339","http://tapandbarrel.com/","0","0","https://www.google.com/maps/place/Tap+%26+Barrel+%E2%80%A2+Shipyards/data=!4m7!3m6!1s0x5486704d26f46bd7:0xeedb2eaeef11268c!8m2!3d49.3102024!4d-123.0800645!16s%2Fg%2F11bw1z1yl5!19sChIJ12v0Jk1whlQRjCYR764u2-4","2","https://maps.gstatic.com/tactile/basepage/loader_beige_2x.gif | https://gstatic.com/local/placeinfo/lgbtq_friendly_ic_24dp.png","output/photos/00159-tap-barrel-shipyards/001.jpg | output/photos/00159-tap-barrel-shipyards/002.png",""
"160","2026-04-27T04:38:19.411Z","google_maps_ui","Carpe Grill & Diner","Restaurant","4.8","0","","","125 Victory Ship Way #122, North Vancouver, BC V7L 0B2","","","","","(604) 929-1118","http://www.carpegrill.ca/","0","0","https://www.google.com/maps/place/Carpe+Grill+%26+Diner/data=!4m7!3m6!1s0x548671daa2bb1dbb:0x73a62c47e9773bd2!8m2!3d49.309797!4d-123.0787019!16s%2Fg%2F11vxxqfg1d!19sChIJux27otpxhlQR0jt36UcspnM","1","https://gstatic.com/local/placeinfo/lgbtq_friendly_ic_24dp.png","output/photos/00160-carpe-grill-diner/001.png",""
"161","2026-04-27T04:38:27.746Z","google_maps_ui","Jägerhof Restaurant","German restaurant","4.7","0","","Closed · Opens 5 p.m. Thu","71 Lonsdale Ave, North Vancouver, BC V7M 2E5","","","","","(604) 980-4316","http://www.jagerhof.ca/","0","0","https://www.google.com/maps/place/J%C3%A4gerhof+Restaurant/data=!4m7!3m6!1s0x5486704cfa96674d:0x653aba0057cf290a!8m2!3d49.3116848!4d-123.0791289!16s%2Fg%2F1trxdd66!19sChIJTWeW-kxwhlQRCinPVwC6OmU","0","","",""
"162","2026-04-27T04:38:36.747Z","google_maps_ui","Provisions Italiana at Seaside Hotel","Restaurant","4.4","0","","","125 Victory Ship Way, North Vancouver, BC V7L 0B2","","","","","(778) 200-7865","https://www.provisionsitaliana.com/","0","0","https://www.google.com/maps/place/Provisions+Italiana+at+Seaside+Hotel/data=!4m7!3m6!1s0x548671b9609d76e5:0x46f34abd8e759908!8m2!3d49.309936!4d-123.0783379!16s%2Fg%2F11h_fqtx3r!19sChIJ5XadYLlxhlQRCJl1jr1K80Y","1","https://maps.gstatic.com/tactile/basepage/loader_beige_2x.gif","output/photos/00162-provisions-italiana-at-seaside-hotel/001.jpg",""
"163","2026-04-27T04:38:45.858Z","google_maps_ui","Saboo Restaurant","Persian restaurant","4.7","0","","Closed · Opens 11 a.m. Tue","1455 Main St, North Vancouver, BC V7J 1C9","","","","","(604) 929-6226","https://www.saboorestaurant.com/","0","0","https://www.google.com/maps/place/Saboo+Restaurant/data=!4m7!3m6!1s0x548671bcd2a58c57:0x3392f1f66d9e55db!8m2!3d49.3052934!4d-123.0331692!16s%2Fg%2F11pzk773xj!19sChIJV4yl0rxxhlQR21WebfbxkjM","1","https://maps.gstatic.com/tactile/basepage/loader_beige_2x.gif","output/photos/00163-saboo-restaurant/001.jpg",""
"164","2026-04-27T04:38:56.051Z","google_maps_ui","Fishworks","Seafood restaurant","4.5","0","","","91 Lonsdale Ave, North Vancouver, BC V7M 2E5","","","","","(778) 340-3449","http://www.fishworks.ca/","0","0","https://www.google.com/maps/place/Fishworks/data=!4m7!3m6!1s0x5486704cf7ab4529:0xfd5d9cc981c7faad!8m2!3d49.3117616!4d-123.0790411!16s%2Fg%2F1tfh4btg!19sChIJKUWr90xwhlQRrfrHgcmcXf0","2","https://maps.gstatic.com/tactile/basepage/loader_beige_2x.gif | https://gstatic.com/local/placeinfo/lgbtq_friendly_ic_24dp.png","output/photos/00164-fishworks/001.jpg | output/photos/00164-fishworks/002.png",""
"165","2026-04-27T04:39:03.937Z","google_maps_ui","Tour De Feast","Modern French restaurant","4.6","0","","Closed · Opens 5:15 p.m. Wed","319 Mountain Hwy, North Vancouver, BC V7J 2K7","","","","","(604) 980-1811","http://tourdefeast.com/","0","0","https://www.google.com/maps/place/Tour+De+Feast/data=!4m7!3m6!1s0x5486708b9fa52477:0x1b1585927bd8e4ec!8m2!3d49.307389!4d-123.03217!16s%2Fg%2F1tfmhhpn!19sChIJdySln4twhlQR7OTYe5KFFRs","0","","",""
"166","2026-04-27T04:39:13.079Z","google_maps_ui","The Peri Peri Shack","Chicken restaurant","4.6","0","","Closes soon · 10 p.m. · Opens 11 a.m. Mon","143 E 2nd St, North Vancouver, BC V7L 1C2","","","","","(604) 929-0599","https://theperiperishack.com/","0","0","https://www.google.com/maps/place/The+Peri+Peri+Shack/data=!4m7!3m6!1s0x548671007487fe23:0xfb33681cca6ab5c3!8m2!3d49.3118559!4d-123.0764256!16s%2Fg%2F11w52p6bqq!19sChIJI_6HdABxhlQRw7VqyhxoM_s","1","https://maps.gstatic.com/tactile/basepage/loader_beige_2x.gif","output/photos/00166-the-peri-peri-shack/001.jpg",""
"167","2026-04-27T04:39:21.282Z","google_maps_ui","Mount Everest Kitchen & Grill","Nepalese restaurant","4.6","0","","Closes soon · 10 p.m. · Opens 10 a.m. Mon","538 Seymour St, Vancouver, BC V6B 3J5","","","","","(604) 622-1136","https://everestkitchen.ca/","0","0","https://www.google.com/maps/place/Mount+Everest+Kitchen+%26+Grill/data=!4m7!3m6!1s0x548671c7d0c9f8c1:0x99f80816df947dee!8m2!3d49.2835226!4d-123.1143514!16s%2Fg%2F11rrqs0lcy!19sChIJwfjJ0MdxhlQR7n2U3xYI-Jk","0","","",""
"168","2026-04-27T04:39:30.340Z","google_maps_ui","Liberty Kitchen Harbour Centre (North Vancouver)","Restaurant","4.5","0","","Open · Closes 11 p.m.","1378 Main St, North Vancouver, BC V7J 1C6","","","","","(236) 551-1326","https://www.eatliberty.com/harbourcentre","0","0","https://www.google.com/maps/place/Liberty+Kitchen+Harbour+Centre+%28North+Vancouver%29/data=!4m7!3m6!1s0x5486714d01707047:0xdfdb1dcc24d67c4f!8m2!3d49.3062971!4d-123.0351127!16s%2Fg%2F11x21h6ybg!19sChIJR3BwAU1xhlQRT3zWJMwd298","1","https://maps.gstatic.com/tactile/basepage/loader_beige_2x.gif","output/photos/00168-liberty-kitchen-harbour-centre-north-vancouver/001.jpg",""
"169","2026-04-27T04:39:40.275Z","google_maps_ui","Brioche Ristorante & Wine Bar","Italian restaurant","4.6","0","","Closed · Opens 7 a.m. Mon","103 Columbia St, Vancouver, BC V6A 3Z8","","","","","(604) 682-4037","https://mymenuweb.com/ca/restaurants/2159359/?utm_source=google_profile&utm_medium=google_profile&utm_campaign=admin","0","0","https://www.google.com/maps/place/Brioche+Ristorante+%26+Wine+Bar/data=!4m7!3m6!1s0x548671784a1c59fd:0xdc7041dc6ef90630!8m2!3d49.2836471!4d-123.1023552!16s%2Fg%2F1tl8kddm!19sChIJ_VkcSnhxhlQRMAb5btxBcNw","2","https://maps.gstatic.com/tactile/basepage/loader_beige_2x.gif | https://lh3.googleusercontent.com/gps-cs-s/APNQkAHmz2-OFcQeaLJxp8P8VqJUK6QTP9GlwgMHOuDH5-JUVk8JwIj9PQ1Sz_BEvnbWtJymuxLDd0g7Tfm2SNXCan_CuzgeEiAgI__kMKYpn98ZVXCRxaQl430d3blFqLGekBce9D0=w629-h298-k-no","output/photos/00169-brioche-ristorante-wine-bar/001.jpg | output/photos/00169-brioche-ristorante-wine-bar/002.jpg",""
"170","2026-04-27T04:39:49.461Z","google_maps_ui","The Gull Bar and Kitchen","Restaurant","4.6","0","","Closed · Opens 12 p.m. Tue","175 1st St E, North Vancouver, BC V7L 1B2","","","","","(604) 988-5585","https://thegull.ca/","0","0","https://www.google.com/maps/place/The+Gull+Bar+and+Kitchen/data=!4m7!3m6!1s0x548671c4e5296659:0xf6fb0203a92213eb!8m2!3d49.3105912!4d-123.0760173!16s%2Fg%2F11f6kw6z4d!19sChIJWWYp5cRxhlQR6xMiqQMC-_Y","1","https://maps.gstatic.com/tactile/basepage/loader_beige_2x.gif","output/photos/00170-the-gull-bar-and-kitchen/001.jpg",""
"171","2026-04-27T04:39:59.490Z","google_maps_ui","Mythos Taverna","Greek restaurant","4.5","0","","Closed · Opens 5 p.m. Tue","132 3rd St W, North Vancouver, BC V7M 1E8","","","","","(604) 984-7411","http://mythostaverna.ca/","0","0","https://www.google.com/maps/place/Mythos+Taverna/data=!4m7!3m6!1s0x54867178d85422f5:0x32f9d74a3095cbc7!8m2!3d49.3142041!4d-123.0781497!16s%2Fg%2F11f5prxygm!19sChIJ9SJU2HhxhlQRx8uVMErX-TI","2","https://maps.gstatic.com/tactile/basepage/loader_beige_2x.gif | https://gstatic.com/local/placeinfo/lgbtq_friendly_ic_24dp.png","output/photos/00171-mythos-taverna/001.jpg | output/photos/00171-mythos-taverna/002.png",""